<?xml version="1.0" encoding="UTF-8" ?>
<webTalkData  fileName='usage_statistics_webtalk.xml'  majorVersion='1' minorVersion='0' timeStamp='Mon May 27 19:30:48 2024'>
<section name="__ROOT__" level="0" order="1" description="">
 <section name="software_version_and_target_device" level="1" order="1" description="">
  <keyValuePair key="beta" value="FALSE" description="" />
  <keyValuePair key="build_version" value="2552052" description="" />
  <keyValuePair key="date_generated" value="Mon May 27 19:30:48 2024" description="" />
  <keyValuePair key="os_platform" value="WIN64" description="" />
  <keyValuePair key="product_version" value="Vivado v2019.1 (64-bit)" description="" />
  <keyValuePair key="project_id" value="4c9d15a03076431c966d8e493222eb77" description="" />
  <keyValuePair key="project_iteration" value="9" description="" />
  <keyValuePair key="random_id" value="3a195ba4e4fb5516b352c06ee9183fdb" description="" />
  <keyValuePair key="registration_id" value="3a195ba4e4fb5516b352c06ee9183fdb" description="" />
  <keyValuePair key="route_design" value="TRUE" description="" />
  <keyValuePair key="target_device" value="xc7a100t" description="" />
  <keyValuePair key="target_family" value="artix7" description="" />
  <keyValuePair key="target_package" value="csg324" description="" />
  <keyValuePair key="target_speed" value="-1" description="" />
  <keyValuePair key="tool_flow" value="Vivado" description="" />
 </section>
 <section name="user_environment" level="1" order="2" description="">
  <keyValuePair key="cpu_name" value="11th Gen Intel(R) Core(TM) i5-11300H @ 3.10GHz" description="" />
  <keyValuePair key="cpu_speed" value="3110 MHz" description="" />
  <keyValuePair key="os_name" value="Windows Server 2016 or Windows 10" description="" />
  <keyValuePair key="os_release" value="major release  (build 9200)" description="" />
  <keyValuePair key="system_ram" value="16.000 GB" description="" />
  <keyValuePair key="total_processors" value="1" description="" />
 </section>
 <section name="incremental_compile" level="1" order="3" description="">
  <section name="qor" level="2" order="1" description="">
   <keyValuePair key="original_wns_ns" value="1.45" description="" />
  </section>
  <section name="usage" level="2" order="2" description="">
   <keyValuePair key="eco_flow_placer" value="0" description="" />
   <keyValuePair key="rci_cnt" value="1" description="" />
   <keyValuePair key="rci_runtime" value="15.040000" description="" />
   <keyValuePair key="report_incr_reuse_cnt" value="1" description="" />
  </section>
 </section>
 <section name="ip_statistics" level="1" order="4" description="">
  <section name="clk_wiz_v6_0_3_0_0/1" level="2" order="1" description="">
   <keyValuePair key="clkin1_period" value="10.000" description="" />
   <keyValuePair key="clkin2_period" value="10.000" description="" />
   <keyValuePair key="clock_mgr_type" value="NA" description="" />
   <keyValuePair key="component_name" value="clk_wiz_0" description="" />
   <keyValuePair key="core_container" value="NA" description="" />
   <keyValuePair key="enable_axi" value="0" description="" />
   <keyValuePair key="feedback_source" value="FDBK_AUTO" description="" />
   <keyValuePair key="feedback_type" value="SINGLE" description="" />
   <keyValuePair key="iptotal" value="1" description="" />
   <keyValuePair key="manual_override" value="false" description="" />
   <keyValuePair key="num_out_clk" value="2" description="" />
   <keyValuePair key="primitive" value="MMCM" description="" />
   <keyValuePair key="use_dyn_phase_shift" value="false" description="" />
   <keyValuePair key="use_dyn_reconfig" value="false" description="" />
   <keyValuePair key="use_inclk_stopped" value="false" description="" />
   <keyValuePair key="use_inclk_switchover" value="false" description="" />
   <keyValuePair key="use_locked" value="true" description="" />
   <keyValuePair key="use_max_i_jitter" value="false" description="" />
   <keyValuePair key="use_min_o_jitter" value="false" description="" />
   <keyValuePair key="use_phase_alignment" value="true" description="" />
   <keyValuePair key="use_power_down" value="false" description="" />
   <keyValuePair key="use_reset" value="false" description="" />
  </section>
  <section name="mig_7series_v4_2/1" level="2" order="2" description="">
   <keyValuePair key="axi_enable" value="0" description="" />
   <keyValuePair key="burst_mode" value="8" description="" />
   <keyValuePair key="burst_type" value="SEQ" description="" />
   <keyValuePair key="clk_period" value="3333" description="" />
   <keyValuePair key="clkin_period" value="4999" description="" />
   <keyValuePair key="core_container" value="NA" description="" />
   <keyValuePair key="data_mask" value="1" description="" />
   <keyValuePair key="debug_port" value="OFF" description="" />
   <keyValuePair key="dq_width" value="16" description="" />
   <keyValuePair key="ecc" value="OFF" description="" />
   <keyValuePair key="interface_type" value="DDR2" description="" />
   <keyValuePair key="internal_vref" value="1" description="" />
   <keyValuePair key="iptotal" value="1" description="" />
   <keyValuePair key="language" value="Verilog" description="" />
   <keyValuePair key="level" value="CONTROLLER" description="" />
   <keyValuePair key="memory_address_map" value="BANK_ROW_COLUMN" description="" />
   <keyValuePair key="memory_part" value="mt47h64m16hr-25e" description="" />
   <keyValuePair key="memory_type" value="COMP" description="" />
   <keyValuePair key="no_of_controllers" value="1" description="" />
   <keyValuePair key="ordering" value="STRICT" description="" />
   <keyValuePair key="output_drv" value="HIGH" description="" />
   <keyValuePair key="phy_ratio" value="4" description="" />
   <keyValuePair key="refclk_freq" value="200" description="" />
   <keyValuePair key="refclk_type" value="USE_SYSTEM_CLOCK" description="" />
   <keyValuePair key="rtt_nom" value="50" description="" />
   <keyValuePair key="synthesis_tool" value="Vivado" description="" />
   <keyValuePair key="sysclk_type" value="NO_BUFFER" description="" />
   <keyValuePair key="use_cs_port" value="1" description="" />
   <keyValuePair key="use_odt_port" value="1" description="" />
   <keyValuePair key="vccaux_io" value="1.8V" description="" />
  </section>
 </section>
 <section name="report_drc" level="1" order="5" description="">
  <section name="command_line_options" level="2" order="1" description="">
   <keyValuePair key="-append" value="default::[not_specified]" description="" />
   <keyValuePair key="-checks" value="default::[not_specified]" description="" />
   <keyValuePair key="-fail_on" value="default::[not_specified]" description="" />
   <keyValuePair key="-force" value="default::[not_specified]" description="" />
   <keyValuePair key="-format" value="default::[not_specified]" description="" />
   <keyValuePair key="-internal" value="default::[not_specified]" description="" />
   <keyValuePair key="-internal_only" value="default::[not_specified]" description="" />
   <keyValuePair key="-messages" value="default::[not_specified]" description="" />
   <keyValuePair key="-name" value="default::[not_specified]" description="" />
   <keyValuePair key="-no_waivers" value="default::[not_specified]" description="" />
   <keyValuePair key="-return_string" value="default::[not_specified]" description="" />
   <keyValuePair key="-ruledecks" value="default::[not_specified]" description="" />
   <keyValuePair key="-upgrade_cw" value="default::[not_specified]" description="" />
   <keyValuePair key="-waived" value="default::[not_specified]" description="" />
  </section>
  <section name="results" level="2" order="2" description="">
   <keyValuePair key="cfgbvs-1" value="1" description="" />
   <keyValuePair key="dpip-1" value="8" description="" />
   <keyValuePair key="dpop-1" value="4" description="" />
   <keyValuePair key="dpop-2" value="4" description="" />
   <keyValuePair key="reqp-1709" value="1" description="" />
  </section>
 </section>
 <section name="report_utilization" level="1" order="6" description="">
  <section name="clocking" level="2" order="1" description="">
   <keyValuePair key="bufgctrl_available" value="32" description="" />
   <keyValuePair key="bufgctrl_fixed" value="0" description="" />
   <keyValuePair key="bufgctrl_used" value="12" description="" />
   <keyValuePair key="bufgctrl_util_percentage" value="37.50" description="" />
   <keyValuePair key="bufhce_available" value="96" description="" />
   <keyValuePair key="bufhce_fixed" value="0" description="" />
   <keyValuePair key="bufhce_used" value="1" description="" />
   <keyValuePair key="bufhce_util_percentage" value="1.04" description="" />
   <keyValuePair key="bufio_available" value="24" description="" />
   <keyValuePair key="bufio_fixed" value="0" description="" />
   <keyValuePair key="bufio_used" value="0" description="" />
   <keyValuePair key="bufio_util_percentage" value="0.00" description="" />
   <keyValuePair key="bufmrce_available" value="12" description="" />
   <keyValuePair key="bufmrce_fixed" value="0" description="" />
   <keyValuePair key="bufmrce_used" value="0" description="" />
   <keyValuePair key="bufmrce_util_percentage" value="0.00" description="" />
   <keyValuePair key="bufr_available" value="24" description="" />
   <keyValuePair key="bufr_fixed" value="0" description="" />
   <keyValuePair key="bufr_used" value="0" description="" />
   <keyValuePair key="bufr_util_percentage" value="0.00" description="" />
   <keyValuePair key="mmcme2_adv_available" value="6" description="" />
   <keyValuePair key="mmcme2_adv_fixed" value="1" description="" />
   <keyValuePair key="mmcme2_adv_used" value="2" description="" />
   <keyValuePair key="mmcme2_adv_util_percentage" value="33.33" description="" />
   <keyValuePair key="plle2_adv_available" value="6" description="" />
   <keyValuePair key="plle2_adv_fixed" value="1" description="" />
   <keyValuePair key="plle2_adv_used" value="1" description="" />
   <keyValuePair key="plle2_adv_util_percentage" value="16.67" description="" />
  </section>
  <section name="dsp" level="2" order="2" description="">
   <keyValuePair key="dsp48e1_only_used" value="4" description="" />
   <keyValuePair key="dsps_available" value="240" description="" />
   <keyValuePair key="dsps_fixed" value="0" description="" />
   <keyValuePair key="dsps_used" value="4" description="" />
   <keyValuePair key="dsps_util_percentage" value="1.67" description="" />
  </section>
  <section name="io_standard" level="2" order="3" description="">
   <keyValuePair key="blvds_25" value="0" description="" />
   <keyValuePair key="diff_hstl_i" value="0" description="" />
   <keyValuePair key="diff_hstl_i_18" value="0" description="" />
   <keyValuePair key="diff_hstl_ii" value="0" description="" />
   <keyValuePair key="diff_hstl_ii_18" value="0" description="" />
   <keyValuePair key="diff_hsul_12" value="0" description="" />
   <keyValuePair key="diff_mobile_ddr" value="0" description="" />
   <keyValuePair key="diff_sstl135" value="0" description="" />
   <keyValuePair key="diff_sstl135_r" value="0" description="" />
   <keyValuePair key="diff_sstl15" value="0" description="" />
   <keyValuePair key="diff_sstl15_r" value="0" description="" />
   <keyValuePair key="diff_sstl18_i" value="0" description="" />
   <keyValuePair key="diff_sstl18_ii" value="1" description="" />
   <keyValuePair key="hstl_i" value="0" description="" />
   <keyValuePair key="hstl_i_18" value="0" description="" />
   <keyValuePair key="hstl_ii" value="0" description="" />
   <keyValuePair key="hstl_ii_18" value="0" description="" />
   <keyValuePair key="hsul_12" value="0" description="" />
   <keyValuePair key="lvcmos12" value="0" description="" />
   <keyValuePair key="lvcmos15" value="0" description="" />
   <keyValuePair key="lvcmos18" value="1" description="" />
   <keyValuePair key="lvcmos25" value="0" description="" />
   <keyValuePair key="lvcmos33" value="1" description="" />
   <keyValuePair key="lvds_25" value="0" description="" />
   <keyValuePair key="lvttl" value="0" description="" />
   <keyValuePair key="mini_lvds_25" value="0" description="" />
   <keyValuePair key="mobile_ddr" value="0" description="" />
   <keyValuePair key="pci33_3" value="0" description="" />
   <keyValuePair key="ppds_25" value="0" description="" />
   <keyValuePair key="rsds_25" value="0" description="" />
   <keyValuePair key="sstl135" value="0" description="" />
   <keyValuePair key="sstl135_r" value="0" description="" />
   <keyValuePair key="sstl15" value="0" description="" />
   <keyValuePair key="sstl15_r" value="0" description="" />
   <keyValuePair key="sstl18_i" value="0" description="" />
   <keyValuePair key="sstl18_ii" value="1" description="" />
   <keyValuePair key="tmds_33" value="0" description="" />
  </section>
  <section name="memory" level="2" order="4" description="">
   <keyValuePair key="block_ram_tile_available" value="135" description="" />
   <keyValuePair key="block_ram_tile_fixed" value="0" description="" />
   <keyValuePair key="block_ram_tile_used" value="0" description="" />
   <keyValuePair key="block_ram_tile_util_percentage" value="0.00" description="" />
   <keyValuePair key="ramb18_available" value="270" description="" />
   <keyValuePair key="ramb18_fixed" value="0" description="" />
   <keyValuePair key="ramb18_used" value="0" description="" />
   <keyValuePair key="ramb18_util_percentage" value="0.00" description="" />
   <keyValuePair key="ramb36_fifo_available" value="135" description="" />
   <keyValuePair key="ramb36_fifo_fixed" value="0" description="" />
   <keyValuePair key="ramb36_fifo_used" value="0" description="" />
   <keyValuePair key="ramb36_fifo_util_percentage" value="0.00" description="" />
  </section>
  <section name="primitives" level="2" order="5" description="">
   <keyValuePair key="bufg_functional_category" value="Clock" description="" />
   <keyValuePair key="bufg_used" value="12" description="" />
   <keyValuePair key="bufh_functional_category" value="Clock" description="" />
   <keyValuePair key="bufh_used" value="1" description="" />
   <keyValuePair key="carry4_functional_category" value="CarryLogic" description="" />
   <keyValuePair key="carry4_used" value="323" description="" />
   <keyValuePair key="dsp48e1_functional_category" value="Block Arithmetic" description="" />
   <keyValuePair key="dsp48e1_used" value="4" description="" />
   <keyValuePair key="fdce_functional_category" value="Flop &amp; Latch" description="" />
   <keyValuePair key="fdce_used" value="1003" description="" />
   <keyValuePair key="fdpe_functional_category" value="Flop &amp; Latch" description="" />
   <keyValuePair key="fdpe_used" value="78" description="" />
   <keyValuePair key="fdre_functional_category" value="Flop &amp; Latch" description="" />
   <keyValuePair key="fdre_used" value="4658" description="" />
   <keyValuePair key="fdse_functional_category" value="Flop &amp; Latch" description="" />
   <keyValuePair key="fdse_used" value="67" description="" />
   <keyValuePair key="ibuf_functional_category" value="IO" description="" />
   <keyValuePair key="ibuf_intermdisable_functional_category" value="IO" description="" />
   <keyValuePair key="ibuf_intermdisable_used" value="16" description="" />
   <keyValuePair key="ibuf_used" value="21" description="" />
   <keyValuePair key="ibufds_intermdisable_int_functional_category" value="IO" description="" />
   <keyValuePair key="ibufds_intermdisable_int_used" value="4" description="" />
   <keyValuePair key="idelayctrl_functional_category" value="IO" description="" />
   <keyValuePair key="idelayctrl_used" value="1" description="" />
   <keyValuePair key="idelaye2_functional_category" value="IO" description="" />
   <keyValuePair key="idelaye2_used" value="16" description="" />
   <keyValuePair key="in_fifo_functional_category" value="IO" description="" />
   <keyValuePair key="in_fifo_used" value="2" description="" />
   <keyValuePair key="inv_functional_category" value="LUT" description="" />
   <keyValuePair key="inv_used" value="3" description="" />
   <keyValuePair key="iserdese2_functional_category" value="IO" description="" />
   <keyValuePair key="iserdese2_used" value="16" description="" />
   <keyValuePair key="ldce_functional_category" value="Flop &amp; Latch" description="" />
   <keyValuePair key="ldce_used" value="364" description="" />
   <keyValuePair key="lut1_functional_category" value="LUT" description="" />
   <keyValuePair key="lut1_used" value="508" description="" />
   <keyValuePair key="lut2_functional_category" value="LUT" description="" />
   <keyValuePair key="lut2_used" value="1122" description="" />
   <keyValuePair key="lut3_functional_category" value="LUT" description="" />
   <keyValuePair key="lut3_used" value="1191" description="" />
   <keyValuePair key="lut4_functional_category" value="LUT" description="" />
   <keyValuePair key="lut4_used" value="1552" description="" />
   <keyValuePair key="lut5_functional_category" value="LUT" description="" />
   <keyValuePair key="lut5_used" value="1545" description="" />
   <keyValuePair key="lut6_functional_category" value="LUT" description="" />
   <keyValuePair key="lut6_used" value="2981" description="" />
   <keyValuePair key="mmcme2_adv_functional_category" value="Clock" description="" />
   <keyValuePair key="mmcme2_adv_used" value="2" description="" />
   <keyValuePair key="muxf7_functional_category" value="MuxFx" description="" />
   <keyValuePair key="muxf7_used" value="45" description="" />
   <keyValuePair key="muxf8_functional_category" value="MuxFx" description="" />
   <keyValuePair key="muxf8_used" value="16" description="" />
   <keyValuePair key="obuf_functional_category" value="IO" description="" />
   <keyValuePair key="obuf_used" value="59" description="" />
   <keyValuePair key="obufds_functional_category" value="IO" description="" />
   <keyValuePair key="obufds_used" value="2" description="" />
   <keyValuePair key="obuft_functional_category" value="IO" description="" />
   <keyValuePair key="obuft_used" value="18" description="" />
   <keyValuePair key="obuftds_functional_category" value="IO" description="" />
   <keyValuePair key="obuftds_used" value="4" description="" />
   <keyValuePair key="oddr_functional_category" value="IO" description="" />
   <keyValuePair key="oddr_used" value="5" description="" />
   <keyValuePair key="oserdese2_functional_category" value="IO" description="" />
   <keyValuePair key="oserdese2_used" value="42" description="" />
   <keyValuePair key="out_fifo_functional_category" value="IO" description="" />
   <keyValuePair key="out_fifo_used" value="4" description="" />
   <keyValuePair key="phaser_in_phy_functional_category" value="IO" description="" />
   <keyValuePair key="phaser_in_phy_used" value="2" description="" />
   <keyValuePair key="phaser_out_phy_functional_category" value="IO" description="" />
   <keyValuePair key="phaser_out_phy_used" value="4" description="" />
   <keyValuePair key="phaser_ref_functional_category" value="IO" description="" />
   <keyValuePair key="phaser_ref_used" value="1" description="" />
   <keyValuePair key="phy_control_functional_category" value="IO" description="" />
   <keyValuePair key="phy_control_used" value="1" description="" />
   <keyValuePair key="plle2_adv_functional_category" value="Clock" description="" />
   <keyValuePair key="plle2_adv_used" value="1" description="" />
   <keyValuePair key="ramd32_functional_category" value="Distributed Memory" description="" />
   <keyValuePair key="ramd32_used" value="720" description="" />
   <keyValuePair key="rams32_functional_category" value="Distributed Memory" description="" />
   <keyValuePair key="rams32_used" value="240" description="" />
   <keyValuePair key="srl16e_functional_category" value="Distributed Memory" description="" />
   <keyValuePair key="srl16e_used" value="16" description="" />
   <keyValuePair key="startupe2_functional_category" value="Others" description="" />
   <keyValuePair key="startupe2_used" value="1" description="" />
  </section>
  <section name="slice_logic" level="2" order="6" description="">
   <keyValuePair key="f7_muxes_available" value="31700" description="" />
   <keyValuePair key="f7_muxes_fixed" value="0" description="" />
   <keyValuePair key="f7_muxes_used" value="45" description="" />
   <keyValuePair key="f7_muxes_util_percentage" value="0.14" description="" />
   <keyValuePair key="f8_muxes_available" value="15850" description="" />
   <keyValuePair key="f8_muxes_fixed" value="0" description="" />
   <keyValuePair key="f8_muxes_used" value="16" description="" />
   <keyValuePair key="f8_muxes_util_percentage" value="0.10" description="" />
   <keyValuePair key="lut_as_distributed_ram_fixed" value="0" description="" />
   <keyValuePair key="lut_as_distributed_ram_fixed" value="0" description="" />
   <keyValuePair key="lut_as_distributed_ram_used" value="480" description="" />
   <keyValuePair key="lut_as_distributed_ram_used" value="480" description="" />
   <keyValuePair key="lut_as_logic_available" value="63400" description="" />
   <keyValuePair key="lut_as_logic_available" value="63400" description="" />
   <keyValuePair key="lut_as_logic_fixed" value="0" description="" />
   <keyValuePair key="lut_as_logic_fixed" value="0" description="" />
   <keyValuePair key="lut_as_logic_used" value="7500" description="" />
   <keyValuePair key="lut_as_logic_used" value="7500" description="" />
   <keyValuePair key="lut_as_logic_util_percentage" value="11.83" description="" />
   <keyValuePair key="lut_as_logic_util_percentage" value="11.83" description="" />
   <keyValuePair key="lut_as_memory_available" value="19000" description="" />
   <keyValuePair key="lut_as_memory_available" value="19000" description="" />
   <keyValuePair key="lut_as_memory_fixed" value="0" description="" />
   <keyValuePair key="lut_as_memory_fixed" value="0" description="" />
   <keyValuePair key="lut_as_memory_used" value="496" description="" />
   <keyValuePair key="lut_as_memory_used" value="496" description="" />
   <keyValuePair key="lut_as_memory_util_percentage" value="2.61" description="" />
   <keyValuePair key="lut_as_memory_util_percentage" value="2.61" description="" />
   <keyValuePair key="lut_as_shift_register_fixed" value="0" description="" />
   <keyValuePair key="lut_as_shift_register_fixed" value="0" description="" />
   <keyValuePair key="lut_as_shift_register_used" value="16" description="" />
   <keyValuePair key="lut_as_shift_register_used" value="16" description="" />
   <keyValuePair key="lut_in_front_of_the_register_is_unused_fixed" value="16" description="" />
   <keyValuePair key="lut_in_front_of_the_register_is_unused_used" value="1239" description="" />
   <keyValuePair key="lut_in_front_of_the_register_is_used_fixed" value="1239" description="" />
   <keyValuePair key="lut_in_front_of_the_register_is_used_used" value="1639" description="" />
   <keyValuePair key="register_as_flip_flop_available" value="126800" description="" />
   <keyValuePair key="register_as_flip_flop_fixed" value="0" description="" />
   <keyValuePair key="register_as_flip_flop_used" value="5806" description="" />
   <keyValuePair key="register_as_flip_flop_util_percentage" value="4.58" description="" />
   <keyValuePair key="register_as_latch_available" value="126800" description="" />
   <keyValuePair key="register_as_latch_fixed" value="0" description="" />
   <keyValuePair key="register_as_latch_used" value="364" description="" />
   <keyValuePair key="register_as_latch_util_percentage" value="0.29" description="" />
   <keyValuePair key="register_driven_from_outside_the_slice_fixed" value="1639" description="" />
   <keyValuePair key="register_driven_from_outside_the_slice_used" value="2878" description="" />
   <keyValuePair key="register_driven_from_within_the_slice_fixed" value="2878" description="" />
   <keyValuePair key="register_driven_from_within_the_slice_used" value="3292" description="" />
   <keyValuePair key="slice_available" value="15850" description="" />
   <keyValuePair key="slice_fixed" value="0" description="" />
   <keyValuePair key="slice_luts_available" value="63400" description="" />
   <keyValuePair key="slice_luts_fixed" value="0" description="" />
   <keyValuePair key="slice_luts_used" value="7996" description="" />
   <keyValuePair key="slice_luts_util_percentage" value="12.61" description="" />
   <keyValuePair key="slice_registers_available" value="126800" description="" />
   <keyValuePair key="slice_registers_available" value="126800" description="" />
   <keyValuePair key="slice_registers_fixed" value="0" description="" />
   <keyValuePair key="slice_registers_fixed" value="0" description="" />
   <keyValuePair key="slice_registers_used" value="6170" description="" />
   <keyValuePair key="slice_registers_used" value="6170" description="" />
   <keyValuePair key="slice_registers_util_percentage" value="4.87" description="" />
   <keyValuePair key="slice_registers_util_percentage" value="4.87" description="" />
   <keyValuePair key="slice_used" value="2734" description="" />
   <keyValuePair key="slice_util_percentage" value="17.25" description="" />
   <keyValuePair key="slicel_fixed" value="0" description="" />
   <keyValuePair key="slicel_used" value="1853" description="" />
   <keyValuePair key="slicem_fixed" value="0" description="" />
   <keyValuePair key="slicem_used" value="881" description="" />
   <keyValuePair key="unique_control_sets_available" value="15850" description="" />
   <keyValuePair key="unique_control_sets_fixed" value="15850" description="" />
   <keyValuePair key="unique_control_sets_used" value="250" description="" />
   <keyValuePair key="unique_control_sets_util_percentage" value="1.58" description="" />
   <keyValuePair key="using_o5_and_o6_fixed" value="1.58" description="" />
   <keyValuePair key="using_o5_and_o6_used" value="0" description="" />
   <keyValuePair key="using_o5_output_only_fixed" value="0" description="" />
   <keyValuePair key="using_o5_output_only_used" value="15" description="" />
   <keyValuePair key="using_o6_output_only_fixed" value="15" description="" />
   <keyValuePair key="using_o6_output_only_used" value="1" description="" />
  </section>
  <section name="specific_feature" level="2" order="7" description="">
   <keyValuePair key="bscane2_available" value="4" description="" />
   <keyValuePair key="bscane2_fixed" value="0" description="" />
   <keyValuePair key="bscane2_used" value="0" description="" />
   <keyValuePair key="bscane2_util_percentage" value="0.00" description="" />
   <keyValuePair key="capturee2_available" value="1" description="" />
   <keyValuePair key="capturee2_fixed" value="0" description="" />
   <keyValuePair key="capturee2_used" value="0" description="" />
   <keyValuePair key="capturee2_util_percentage" value="0.00" description="" />
   <keyValuePair key="dna_port_available" value="1" description="" />
   <keyValuePair key="dna_port_fixed" value="0" description="" />
   <keyValuePair key="dna_port_used" value="0" description="" />
   <keyValuePair key="dna_port_util_percentage" value="0.00" description="" />
   <keyValuePair key="efuse_usr_available" value="1" description="" />
   <keyValuePair key="efuse_usr_fixed" value="0" description="" />
   <keyValuePair key="efuse_usr_used" value="0" description="" />
   <keyValuePair key="efuse_usr_util_percentage" value="0.00" description="" />
   <keyValuePair key="frame_ecce2_available" value="1" description="" />
   <keyValuePair key="frame_ecce2_fixed" value="0" description="" />
   <keyValuePair key="frame_ecce2_used" value="0" description="" />
   <keyValuePair key="frame_ecce2_util_percentage" value="0.00" description="" />
   <keyValuePair key="icape2_available" value="2" description="" />
   <keyValuePair key="icape2_fixed" value="0" description="" />
   <keyValuePair key="icape2_used" value="0" description="" />
   <keyValuePair key="icape2_util_percentage" value="0.00" description="" />
   <keyValuePair key="pcie_2_1_available" value="1" description="" />
   <keyValuePair key="pcie_2_1_fixed" value="0" description="" />
   <keyValuePair key="pcie_2_1_used" value="0" description="" />
   <keyValuePair key="pcie_2_1_util_percentage" value="0.00" description="" />
   <keyValuePair key="startupe2_available" value="1" description="" />
   <keyValuePair key="startupe2_fixed" value="0" description="" />
   <keyValuePair key="startupe2_used" value="1" description="" />
   <keyValuePair key="startupe2_util_percentage" value="100.00" description="" />
   <keyValuePair key="xadc_available" value="1" description="" />
   <keyValuePair key="xadc_fixed" value="0" description="" />
   <keyValuePair key="xadc_used" value="0" description="" />
   <keyValuePair key="xadc_util_percentage" value="0.00" description="" />
  </section>
 </section>
 <section name="synthesis" level="1" order="7" description="">
  <section name="command_line_options" level="2" order="1" description="">
   <keyValuePair key="-assert" value="default::[not_specified]" description="" />
   <keyValuePair key="-bufg" value="default::12" description="" />
   <keyValuePair key="-cascade_dsp" value="default::auto" description="" />
   <keyValuePair key="-constrset" value="default::[not_specified]" description="" />
   <keyValuePair key="-control_set_opt_threshold" value="default::auto" description="" />
   <keyValuePair key="-directive" value="default::default" description="" />
   <keyValuePair key="-fanout_limit" value="default::10000" description="" />
   <keyValuePair key="-flatten_hierarchy" value="default::rebuilt" description="" />
   <keyValuePair key="-fsm_extraction" value="default::auto" description="" />
   <keyValuePair key="-gated_clock_conversion" value="default::off" description="" />
   <keyValuePair key="-generic" value="default::[not_specified]" description="" />
   <keyValuePair key="-include_dirs" value="default::[not_specified]" description="" />
   <keyValuePair key="-keep_equivalent_registers" value="default::[not_specified]" description="" />
   <keyValuePair key="-max_bram" value="default::-1" description="" />
   <keyValuePair key="-max_bram_cascade_height" value="default::-1" description="" />
   <keyValuePair key="-max_dsp" value="default::-1" description="" />
   <keyValuePair key="-max_uram" value="default::-1" description="" />
   <keyValuePair key="-max_uram_cascade_height" value="default::-1" description="" />
   <keyValuePair key="-mode" value="default::default" description="" />
   <keyValuePair key="-name" value="default::[not_specified]" description="" />
   <keyValuePair key="-no_lc" value="default::[not_specified]" description="" />
   <keyValuePair key="-no_srlextract" value="default::[not_specified]" description="" />
   <keyValuePair key="-no_timing_driven" value="default::[not_specified]" description="" />
   <keyValuePair key="-part" value="xc7a100tcsg324-1" description="" />
   <keyValuePair key="-resource_sharing" value="default::auto" description="" />
   <keyValuePair key="-retiming" value="default::[not_specified]" description="" />
   <keyValuePair key="-rtl" value="default::[not_specified]" description="" />
   <keyValuePair key="-rtl_skip_constraints" value="default::[not_specified]" description="" />
   <keyValuePair key="-rtl_skip_ip" value="default::[not_specified]" description="" />
   <keyValuePair key="-seu_protect" value="default::none" description="" />
   <keyValuePair key="-sfcu" value="default::[not_specified]" description="" />
   <keyValuePair key="-shreg_min_size" value="default::3" description="" />
   <keyValuePair key="-top" value="openmips_min_sopc" description="" />
   <keyValuePair key="-verilog_define" value="default::[not_specified]" description="" />
  </section>
  <section name="usage" level="2" order="2" description="">
   <keyValuePair key="elapsed" value="00:03:22s" description="" />
   <keyValuePair key="hls_ip" value="0" description="" />
   <keyValuePair key="memory_gain" value="898.422MB" description="" />
   <keyValuePair key="memory_peak" value="1200.609MB" description="" />
  </section>
 </section>
 <section name="unisim_transformation" level="1" order="8" description="">
  <section name="post_unisim_transformation" level="2" order="1" description="">
   <keyValuePair key="bufg" value="15" description="" />
   <keyValuePair key="bufh" value="1" description="" />
   <keyValuePair key="carry4" value="323" description="" />
   <keyValuePair key="dsp48e1" value="4" description="" />
   <keyValuePair key="fdce" value="1003" description="" />
   <keyValuePair key="fdpe" value="104" description="" />
   <keyValuePair key="fdre" value="4737" description="" />
   <keyValuePair key="fdse" value="85" description="" />
   <keyValuePair key="gnd" value="84" description="" />
   <keyValuePair key="ibuf" value="21" description="" />
   <keyValuePair key="ibuf_intermdisable" value="16" description="" />
   <keyValuePair key="ibufds_intermdisable_int" value="4" description="" />
   <keyValuePair key="idelayctrl" value="1" description="" />
   <keyValuePair key="idelaye2" value="16" description="" />
   <keyValuePair key="in_fifo" value="2" description="" />
   <keyValuePair key="inv" value="3" description="" />
   <keyValuePair key="iserdese2" value="16" description="" />
   <keyValuePair key="ldce" value="364" description="" />
   <keyValuePair key="lut1" value="538" description="" />
   <keyValuePair key="lut2" value="1124" description="" />
   <keyValuePair key="lut3" value="1215" description="" />
   <keyValuePair key="lut4" value="1559" description="" />
   <keyValuePair key="lut5" value="1563" description="" />
   <keyValuePair key="lut6" value="3011" description="" />
   <keyValuePair key="mmcme2_adv" value="2" description="" />
   <keyValuePair key="muxf7" value="45" description="" />
   <keyValuePair key="muxf8" value="16" description="" />
   <keyValuePair key="obuf" value="59" description="" />
   <keyValuePair key="obufds" value="2" description="" />
   <keyValuePair key="obuft" value="18" description="" />
   <keyValuePair key="obuftds" value="4" description="" />
   <keyValuePair key="oddr" value="5" description="" />
   <keyValuePair key="oserdese2" value="42" description="" />
   <keyValuePair key="out_fifo" value="4" description="" />
   <keyValuePair key="phaser_in_phy" value="2" description="" />
   <keyValuePair key="phaser_out_phy" value="4" description="" />
   <keyValuePair key="phaser_ref" value="1" description="" />
   <keyValuePair key="phy_control" value="1" description="" />
   <keyValuePair key="plle2_adv" value="1" description="" />
   <keyValuePair key="ramd32" value="720" description="" />
   <keyValuePair key="rams32" value="240" description="" />
   <keyValuePair key="srl16e" value="15" description="" />
   <keyValuePair key="srlc32e" value="1" description="" />
   <keyValuePair key="startupe2" value="1" description="" />
   <keyValuePair key="vcc" value="123" description="" />
  </section>
  <section name="pre_unisim_transformation" level="2" order="2" description="">
   <keyValuePair key="bufg" value="15" description="" />
   <keyValuePair key="bufh" value="1" description="" />
   <keyValuePair key="carry4" value="323" description="" />
   <keyValuePair key="dsp48e1" value="4" description="" />
   <keyValuePair key="fdce" value="1003" description="" />
   <keyValuePair key="fdpe" value="104" description="" />
   <keyValuePair key="fdre" value="4737" description="" />
   <keyValuePair key="fdse" value="85" description="" />
   <keyValuePair key="gnd" value="84" description="" />
   <keyValuePair key="ibuf" value="22" description="" />
   <keyValuePair key="idelayctrl" value="1" description="" />
   <keyValuePair key="idelaye2" value="16" description="" />
   <keyValuePair key="in_fifo" value="2" description="" />
   <keyValuePair key="iobuf_intermdisable" value="16" description="" />
   <keyValuePair key="iobufds_intermdisable" value="2" description="" />
   <keyValuePair key="iserdese2" value="16" description="" />
   <keyValuePair key="ldce" value="364" description="" />
   <keyValuePair key="lut1" value="538" description="" />
   <keyValuePair key="lut2" value="1124" description="" />
   <keyValuePair key="lut3" value="1215" description="" />
   <keyValuePair key="lut4" value="1559" description="" />
   <keyValuePair key="lut5" value="1563" description="" />
   <keyValuePair key="lut6" value="3011" description="" />
   <keyValuePair key="mmcme2_adv" value="2" description="" />
   <keyValuePair key="muxf7" value="45" description="" />
   <keyValuePair key="muxf8" value="16" description="" />
   <keyValuePair key="obuf" value="59" description="" />
   <keyValuePair key="obufds" value="1" description="" />
   <keyValuePair key="obuft" value="2" description="" />
   <keyValuePair key="oddr" value="5" description="" />
   <keyValuePair key="oserdese2" value="42" description="" />
   <keyValuePair key="out_fifo" value="4" description="" />
   <keyValuePair key="phaser_in_phy" value="2" description="" />
   <keyValuePair key="phaser_out_phy" value="4" description="" />
   <keyValuePair key="phaser_ref" value="1" description="" />
   <keyValuePair key="phy_control" value="1" description="" />
   <keyValuePair key="plle2_adv" value="1" description="" />
   <keyValuePair key="ram32m" value="120" description="" />
   <keyValuePair key="srl16e" value="15" description="" />
   <keyValuePair key="srlc32e" value="1" description="" />
   <keyValuePair key="startupe2" value="1" description="" />
   <keyValuePair key="vcc" value="123" description="" />
  </section>
 </section>
 <section name="vivado_usage" level="1" order="9" description="">
  <section name="gui_handlers" level="2" order="1" description="">
   <keyValuePair key="abstractsearchablepanel_show_search" value="2" description="" />
   <keyValuePair key="addsrcwizard_specify_hdl_netlist_block_design" value="1" description="" />
   <keyValuePair key="addsrcwizard_specify_or_create_constraint_files" value="1" description="" />
   <keyValuePair key="basedialog_apply" value="3" description="" />
   <keyValuePair key="basedialog_cancel" value="7" description="" />
   <keyValuePair key="basedialog_ok" value="78" description="" />
   <keyValuePair key="basedialog_yes" value="17" description="" />
   <keyValuePair key="cfgmempartchooser_table" value="1" description="" />
   <keyValuePair key="cmdmsgdialog_ok" value="20" description="" />
   <keyValuePair key="confirmsavetexteditsdialog_yes" value="1" description="" />
   <keyValuePair key="createsrcfiledialog_file_name" value="1" description="" />
   <keyValuePair key="customizecoredialog_ip_location" value="1" description="" />
   <keyValuePair key="expruntreepanel_exp_run_tree_table" value="9" description="" />
   <keyValuePair key="filesetpanel_file_set_panel_tree" value="453" description="" />
   <keyValuePair key="filesetpanel_messages" value="2" description="" />
   <keyValuePair key="flownavigatortreepanel_flow_navigator_tree" value="62" description="" />
   <keyValuePair key="hacgccoefilewidget_browse" value="3" description="" />
   <keyValuePair key="hardwarecfgmemproppanels_specify_configuration_memory_programming" value="1" description="" />
   <keyValuePair key="hardwaretreepanel_hardware_tree_table" value="68" description="" />
   <keyValuePair key="hcodeeditor_close" value="1" description="" />
   <keyValuePair key="hcodeeditor_search_text_combo_box" value="12" description="" />
   <keyValuePair key="hjfilechooserrecentlistpreview_recent_directories" value="1" description="" />
   <keyValuePair key="hpopuptitle_close" value="1" description="" />
   <keyValuePair key="labtoolsmenu_jtag_scan_rate" value="3" description="" />
   <keyValuePair key="mainmenumgr_reports" value="14" description="" />
   <keyValuePair key="mainmenumgr_tools" value="18" description="" />
   <keyValuePair key="mainmenumgr_window" value="16" description="" />
   <keyValuePair key="mainwinmenumgr_layout" value="4" description="" />
   <keyValuePair key="miglicensepage_accept" value="1" description="" />
   <keyValuePair key="migpinselectionpage_save_pin_out" value="5" description="" />
   <keyValuePair key="migpinselectionpage_validate" value="1" description="" />
   <keyValuePair key="msgtreepanel_message_view_tree" value="63" description="" />
   <keyValuePair key="msgview_clear_messages_resulting_from_user_executed" value="1" description="" />
   <keyValuePair key="msgview_critical_warnings" value="1" description="" />
   <keyValuePair key="msgview_error_messages" value="1" description="" />
   <keyValuePair key="msgview_information_messages" value="3" description="" />
   <keyValuePair key="msgview_warning_messages" value="3" description="" />
   <keyValuePair key="openfileaction_cancel" value="2" description="" />
   <keyValuePair key="openrecenttarget_clear_list" value="1" description="" />
   <keyValuePair key="opentargetwizard_connect_to" value="1" description="" />
   <keyValuePair key="pacommandnames_add_sources" value="2" description="" />
   <keyValuePair key="pacommandnames_auto_connect_target" value="12" description="" />
   <keyValuePair key="pacommandnames_auto_update_hier" value="9" description="" />
   <keyValuePair key="pacommandnames_fileset_window" value="1" description="" />
   <keyValuePair key="pacommandnames_open_hardware_manager" value="3" description="" />
   <keyValuePair key="pacommandnames_open_target" value="2" description="" />
   <keyValuePair key="pacommandnames_open_target_wizard" value="3" description="" />
   <keyValuePair key="pacommandnames_program_config_memory" value="9" description="" />
   <keyValuePair key="pacommandnames_program_fpga" value="4" description="" />
   <keyValuePair key="pacommandnames_refresh_device" value="1" description="" />
   <keyValuePair key="pacommandnames_run_bitgen" value="2" description="" />
   <keyValuePair key="pacommandnames_simulation_run_behavioral" value="5" description="" />
   <keyValuePair key="pacommandnames_toggle_view_nav" value="3" description="" />
   <keyValuePair key="pacommandnames_write_config_memory_file" value="6" description="" />
   <keyValuePair key="paviews_code" value="59" description="" />
   <keyValuePair key="paviews_dashboard" value="5" description="" />
   <keyValuePair key="paviews_project_summary" value="12" description="" />
   <keyValuePair key="planaheadtab_show_flow_navigator" value="3" description="" />
   <keyValuePair key="programcfgmemdialog_contents_of_configuration_file" value="3" description="" />
   <keyValuePair key="programdebugtab_open_recently_opened_target" value="7" description="" />
   <keyValuePair key="programdebugtab_open_target" value="19" description="" />
   <keyValuePair key="programdebugtab_program_device" value="9" description="" />
   <keyValuePair key="programfpgadialog_check_end_of_startup" value="5" description="" />
   <keyValuePair key="programfpgadialog_program" value="13" description="" />
   <keyValuePair key="programfpgadialog_specify_debug_probes_file" value="10" description="" />
   <keyValuePair key="progressdialog_background" value="4" description="" />
   <keyValuePair key="progressdialog_cancel" value="1" description="" />
   <keyValuePair key="projectsettingssimulationpanel_tabbed_pane" value="2" description="" />
   <keyValuePair key="rdicommands_custom_commands" value="1" description="" />
   <keyValuePair key="rdicommands_delete" value="16" description="" />
   <keyValuePair key="rdicommands_properties" value="2" description="" />
   <keyValuePair key="rdicommands_settings" value="1" description="" />
   <keyValuePair key="rdiviews_waveform_viewer" value="3" description="" />
   <keyValuePair key="removesourcesdialog_also_delete" value="2" description="" />
   <keyValuePair key="settingsdialog_project_tree" value="2" description="" />
   <keyValuePair key="simpleoutputproductdialog_close_dialog_unsaved_changes_will" value="1" description="" />
   <keyValuePair key="simpleoutputproductdialog_generate_output_products_immediately" value="1" description="" />
   <keyValuePair key="simulationscopespanel_simulate_scope_table" value="70" description="" />
   <keyValuePair key="srcchooserpanel_add_hdl_and_netlist_files_to_your_project" value="2" description="" />
   <keyValuePair key="srcchooserpanel_create_file" value="1" description="" />
   <keyValuePair key="srcmenu_ip_documentation" value="9" description="" />
   <keyValuePair key="srcmenu_ip_hierarchy" value="11" description="" />
   <keyValuePair key="syntheticagettingstartedview_recent_projects" value="5" description="" />
   <keyValuePair key="taskbanner_close" value="7" description="" />
   <keyValuePair key="tclconsoleview_tcl_console_code_editor" value="2" description="" />
   <keyValuePair key="touchpointsurveydialog_no" value="1" description="" />
   <keyValuePair key="touchpointsurveydialog_remind_me_later" value="1" description="" />
   <keyValuePair key="waveformnametree_waveform_name_tree" value="3" description="" />
   <keyValuePair key="writecfgmemfiledialog_custom_memory_size" value="1" description="" />
   <keyValuePair key="writecfgmemfiledialog_disable_bit_swapping" value="1" description="" />
   <keyValuePair key="writecfgmemfiledialog_interface" value="4" description="" />
   <keyValuePair key="writecfgmemfiledialog_load_bitstream_files" value="2" description="" />
   <keyValuePair key="writecfgmemfiledialog_load_data_files" value="1" description="" />
   <keyValuePair key="writecfgmemfiledialog_memory_part" value="2" description="" />
   <keyValuePair key="writecfgmemfiledialog_overwrite" value="1" description="" />
   <keyValuePair key="writecfgmemfiledialog_part_chooser" value="1" description="" />
   <keyValuePair key="writecfgmemfiledialog_specify_bitfile_filename" value="2" description="" />
   <keyValuePair key="writecfgmemfiledialog_specify_configuration_filename" value="5" description="" />
   <keyValuePair key="writecfgmemfiledialog_specify_datafile_filename" value="1" description="" />
   <keyValuePair key="writecfgmemfiledialog_write_checksum" value="1" description="" />
  </section>
  <section name="java_command_handlers" level="2" order="2" description="">
   <keyValuePair key="addsources" value="4" description="" />
   <keyValuePair key="autoconnecttarget" value="12" description="" />
   <keyValuePair key="editdelete" value="16" description="" />
   <keyValuePair key="editproperties" value="2" description="" />
   <keyValuePair key="launchopentarget" value="3" description="" />
   <keyValuePair key="launchprogramfpga" value="13" description="" />
   <keyValuePair key="newhardwaredashboard" value="1" description="" />
   <keyValuePair key="openhardwaremanager" value="11" description="" />
   <keyValuePair key="openrecenttarget" value="4" description="" />
   <keyValuePair key="opentarget" value="2" description="" />
   <keyValuePair key="programcfgmem" value="9" description="" />
   <keyValuePair key="recustomizecore" value="8" description="" />
   <keyValuePair key="refreshdevice" value="1" description="" />
   <keyValuePair key="runbitgen" value="19" description="" />
   <keyValuePair key="runimplementation" value="2" description="" />
   <keyValuePair key="runsynthesis" value="4" description="" />
   <keyValuePair key="savefileproxyhandler" value="1" description="" />
   <keyValuePair key="showview" value="3" description="" />
   <keyValuePair key="simulationrun" value="5" description="" />
   <keyValuePair key="toggleviewnavigator" value="3" description="" />
   <keyValuePair key="toolssettings" value="2" description="" />
   <keyValuePair key="viewtaskimplementation" value="2" description="" />
   <keyValuePair key="viewtaskprojectmanager" value="1" description="" />
   <keyValuePair key="writecfgmemfile" value="6" description="" />
  </section>
  <section name="other_data" level="2" order="3" description="">
   <keyValuePair key="guimode" value="9" description="" />
  </section>
  <section name="project_data" level="2" order="4" description="">
   <keyValuePair key="constraintsetcount" value="1" description="" />
   <keyValuePair key="core_container" value="true" description="" />
   <keyValuePair key="currentimplrun" value="impl_1" description="" />
   <keyValuePair key="currentsynthesisrun" value="synth_1" description="" />
   <keyValuePair key="default_library" value="xil_defaultlib" description="" />
   <keyValuePair key="designmode" value="RTL" description="" />
   <keyValuePair key="export_simulation_activehdl" value="329" description="" />
   <keyValuePair key="export_simulation_ies" value="329" description="" />
   <keyValuePair key="export_simulation_modelsim" value="329" description="" />
   <keyValuePair key="export_simulation_questa" value="329" description="" />
   <keyValuePair key="export_simulation_riviera" value="329" description="" />
   <keyValuePair key="export_simulation_vcs" value="329" description="" />
   <keyValuePair key="export_simulation_xsim" value="330" description="" />
   <keyValuePair key="implstrategy" value="Vivado Implementation Defaults" description="" />
   <keyValuePair key="launch_simulation_activehdl" value="0" description="" />
   <keyValuePair key="launch_simulation_ies" value="0" description="" />
   <keyValuePair key="launch_simulation_modelsim" value="0" description="" />
   <keyValuePair key="launch_simulation_questa" value="0" description="" />
   <keyValuePair key="launch_simulation_riviera" value="0" description="" />
   <keyValuePair key="launch_simulation_vcs" value="0" description="" />
   <keyValuePair key="launch_simulation_xsim" value="946" description="" />
   <keyValuePair key="simulator_language" value="Mixed" description="" />
   <keyValuePair key="srcsetcount" value="46" description="" />
   <keyValuePair key="synthesisstrategy" value="Vivado Synthesis Defaults" description="" />
   <keyValuePair key="target_language" value="Verilog" description="" />
   <keyValuePair key="target_simulator" value="XSim" description="" />
   <keyValuePair key="totalimplruns" value="3" description="" />
   <keyValuePair key="totalsynthesisruns" value="3" description="" />
  </section>
 </section>
 <section name="xsim" level="1" order="10" description="">
  <section name="command_line_options" level="2" order="1" description="">
   <keyValuePair key="-sim_mode" value="default::behavioral" description="" />
   <keyValuePair key="-sim_type" value="default::" description="" />
  </section>
 </section>
</section>
</webTalkData>
