<?xml version="1.0" encoding="UTF-8"?>
<GenRun Id="mig_7series_0_synth_1" LaunchPart="xc7a100tcsg324-1" LaunchTime="1716637194">
  <File Type="PA-TCL" Name="mig_7series_0.tcl"/>
  <File Type="REPORTS-TCL" Name="mig_7series_0_reports.tcl"/>
  <File Type="RDS-RDS" Name="mig_7series_0.vds"/>
  <File Type="RDS-UTIL" Name="mig_7series_0_utilization_synth.rpt"/>
  <File Type="RDS-UTIL-PB" Name="mig_7series_0_utilization_synth.pb"/>
  <File Type="RDS-DCP" Name="mig_7series_0.dcp"/>
  <FileSet Name="sources" Type="BlockSrcs" RelSrcDir="$PSRCDIR/mig_7series_0">
    <File Path="$PSRCDIR/sources_1/ip/mig_7series_0/mig_7series_0.xci">
      <FileInfo>
        <Attr Name="UsedIn" Val="synthesis"/>
        <Attr Name="UsedIn" Val="implementation"/>
        <Attr Name="UsedIn" Val="simulation"/>
      </FileInfo>
    </File>
    <Config>
      <Option Name="TopModule" Val="mig_7series_0"/>
      <Option Name="UseBlackboxStub" Val="1"/>
    </Config>
  </FileSet>
  <FileSet Name="constrs_in" Type="BlockSrcs" RelSrcDir="$PSRCDIR/mig_7series_0">
    <File Path="$PSRCDIR/sources_1/ip/mig_7series_0/mig_7series_0.xci">
      <FileInfo>
        <Attr Name="UsedIn" Val="synthesis"/>
        <Attr Name="UsedIn" Val="implementation"/>
        <Attr Name="UsedIn" Val="simulation"/>
      </FileInfo>
    </File>
    <Config>
      <Option Name="TopModule" Val="mig_7series_0"/>
      <Option Name="UseBlackboxStub" Val="1"/>
    </Config>
  </FileSet>
  <FileSet Name="utils" Type="Utils" RelSrcDir="$PSRCDIR/utils_1">
    <Filter Type="Utils"/>
    <File Path="$PSRCDIR/utils_1/imports/impl_1/openmips_min_sopc_routed.dcp">
      <FileInfo>
        <Attr Name="ImportPath" Val="$PRUNDIR/impl_1/openmips_min_sopc_routed.dcp"/>
        <Attr Name="ImportTime" Val="1656446051"/>
        <Attr Name="UsedIn" Val="synthesis"/>
        <Attr Name="UsedIn" Val="implementation"/>
        <Attr Name="UsedInSteps" Val="impl_1"/>
        <Attr Name="AutoDcp" Val="1"/>
      </FileInfo>
    </File>
    <File Path="$PSRCDIR/utils_1/imports/synth_1/openmips_min_sopc.dcp">
      <FileInfo>
        <Attr Name="ImportPath" Val="$PRUNDIR/synth_1/openmips_min_sopc.dcp"/>
        <Attr Name="ImportTime" Val="1716637159"/>
        <Attr Name="UsedIn" Val="synthesis"/>
        <Attr Name="UsedIn" Val="implementation"/>
        <Attr Name="UsedInSteps" Val="synth_1"/>
        <Attr Name="AutoDcp" Val="1"/>
      </FileInfo>
    </File>
    <Config>
      <Option Name="TopAutoSet" Val="TRUE"/>
    </Config>
  </FileSet>
  <Strategy Version="1" Minor="2">
    <StratHandle Name="Vivado Synthesis Defaults" Flow="Vivado Synthesis 2019"/>
    <Step Id="synth_design"/>
  </Strategy>
</GenRun>
