<?xml version="1.0" encoding="UTF-8"?>
<GenRun Id="impl_1" LaunchPart="xc7a100tcsg324-1" LaunchTime="1711630483">
  <File Type="ROUTE-BUS-SKEW" Name="openmips_min_sopc_bus_skew_routed.rpt"/>
  <File Type="PA-DCP" Name="openmips_min_sopc.dcp"/>
  <File Type="OPT-HWDEF" Name="openmips_min_sopc.hwdef"/>
  <File Type="ROUTE-PWR" Name="openmips_min_sopc_power_routed.rpt"/>
  <File Type="PA-TCL" Name="openmips_min_sopc.tcl"/>
  <File Type="BITSTR-BMM" Name="openmips_min_sopc_bd.bmm"/>
  <File Type="OPT-DCP" Name="openmips_min_sopc_opt.dcp"/>
  <File Type="REPORTS-TCL" Name="openmips_min_sopc_reports.tcl"/>
  <File Type="ROUTE-PWR-SUM" Name="openmips_min_sopc_power_summary_routed.pb"/>
  <File Type="OPT-DRC" Name="openmips_min_sopc_drc_opted.rpt"/>
  <File Type="PWROPT-DCP" Name="openmips_min_sopc_pwropt.dcp"/>
  <File Type="PLACE-DCP" Name="openmips_min_sopc_placed.dcp"/>
  <File Type="PLACE-IO" Name="openmips_min_sopc_io_placed.rpt"/>
  <File Type="PLACE-UTIL" Name="openmips_min_sopc_utilization_placed.rpt"/>
  <File Type="PLACE-UTIL-PB" Name="openmips_min_sopc_utilization_placed.pb"/>
  <File Type="PLACE-CTRL" Name="openmips_min_sopc_control_sets_placed.rpt"/>
  <File Type="PLACE-PRE-SIMILARITY" Name="openmips_min_sopc_incremental_reuse_pre_placed.rpt"/>
  <File Type="POSTPLACE-PWROPT-DCP" Name="openmips_min_sopc_postplace_pwropt.dcp"/>
  <File Type="BG-BIN" Name="openmips_min_sopc.bin"/>
  <File Type="PHYSOPT-DCP" Name="openmips_min_sopc_physopt.dcp"/>
  <File Type="BITSTR-MSK" Name="openmips_min_sopc.msk"/>
  <File Type="ROUTE-ERROR-DCP" Name="openmips_min_sopc_routed_error.dcp"/>
  <File Type="ROUTE-DCP" Name="openmips_min_sopc_routed.dcp"/>
  <File Type="ROUTE-BLACKBOX-DCP" Name="openmips_min_sopc_routed_bb.dcp"/>
  <File Type="ROUTE-DRC" Name="openmips_min_sopc_drc_routed.rpt"/>
  <File Type="ROUTE-DRC-PB" Name="openmips_min_sopc_drc_routed.pb"/>
  <File Type="ROUTE-DRC-RPX" Name="openmips_min_sopc_drc_routed.rpx"/>
  <File Type="BITSTR-LTX" Name="openmips_min_sopc.ltx"/>
  <File Type="ROUTE-METHODOLOGY-DRC" Name="openmips_min_sopc_methodology_drc_routed.rpt"/>
  <File Type="BITSTR-MMI" Name="openmips_min_sopc.mmi"/>
  <File Type="ROUTE-METHODOLOGY-DRC-RPX" Name="openmips_min_sopc_methodology_drc_routed.rpx"/>
  <File Type="ROUTE-METHODOLOGY-DRC-PB" Name="openmips_min_sopc_methodology_drc_routed.pb"/>
  <File Type="BITSTR-SYSDEF" Name="openmips_min_sopc.sysdef"/>
  <File Type="ROUTE-PWR-RPX" Name="openmips_min_sopc_power_routed.rpx"/>
  <File Type="ROUTE-STATUS" Name="openmips_min_sopc_route_status.rpt"/>
  <File Type="ROUTE-STATUS-PB" Name="openmips_min_sopc_route_status.pb"/>
  <File Type="ROUTE-TIMINGSUMMARY" Name="openmips_min_sopc_timing_summary_routed.rpt"/>
  <File Type="ROUTE-TIMING-PB" Name="openmips_min_sopc_timing_summary_routed.pb"/>
  <File Type="ROUTE-TIMING-RPX" Name="openmips_min_sopc_timing_summary_routed.rpx"/>
  <File Type="ROUTE-CLK" Name="openmips_min_sopc_clock_utilization_routed.rpt"/>
  <File Type="RDI-RDI" Name="openmips_min_sopc.vdi"/>
  <File Type="ROUTE-BUS-SKEW-PB" Name="openmips_min_sopc_bus_skew_routed.pb"/>
  <File Type="ROUTE-BUS-SKEW-RPX" Name="openmips_min_sopc_bus_skew_routed.rpx"/>
  <File Type="POSTROUTE-PHYSOPT-DCP" Name="openmips_min_sopc_postroute_physopt.dcp"/>
  <File Type="POSTROUTE-PHYSOPT-BLACKBOX-DCP" Name="openmips_min_sopc_postroute_physopt_bb.dcp"/>
  <File Type="BG-BIT" Name="openmips_min_sopc.bit"/>
  <File Type="BITSTR-RBT" Name="openmips_min_sopc.rbt"/>
  <File Type="BITSTR-NKY" Name="openmips_min_sopc.nky"/>
  <File Type="BG-BGN" Name="openmips_min_sopc.bgn"/>
  <File Type="BG-DRC" Name="openmips_min_sopc.drc"/>
  <File Type="WBT-USG" Name="usage_statistics_webtalk.html"/>
  <FileSet Name="sources" Type="DesignSrcs" RelSrcDir="$PSRCDIR/sources_1">
    <Filter Type="Srcs"/>
    <File Path="$PPRDIR/../../EXAMPLE_2/cpu89/code/defines.v">
      <FileInfo>
        <Attr Name="UsedIn" Val="synthesis"/>
        <Attr Name="UsedIn" Val="implementation"/>
        <Attr Name="UsedIn" Val="simulation"/>
      </FileInfo>
    </File>
    <File Path="$PPRDIR/../../EXAMPLE_2/cpu89/code/LLbit_reg.v">
      <FileInfo>
        <Attr Name="UsedIn" Val="synthesis"/>
        <Attr Name="UsedIn" Val="implementation"/>
        <Attr Name="UsedIn" Val="simulation"/>
      </FileInfo>
    </File>
    <File Path="$PPRDIR/../../EXAMPLE_2/cpu89/code/cp0_reg.v">
      <FileInfo>
        <Attr Name="UsedIn" Val="synthesis"/>
        <Attr Name="UsedIn" Val="implementation"/>
        <Attr Name="UsedIn" Val="simulation"/>
      </FileInfo>
    </File>
    <File Path="$PPRDIR/../../EXAMPLE_2/cpu89/code/ctrl.v">
      <FileInfo>
        <Attr Name="UsedIn" Val="synthesis"/>
        <Attr Name="UsedIn" Val="implementation"/>
        <Attr Name="UsedIn" Val="simulation"/>
      </FileInfo>
    </File>
    <File Path="$PPRDIR/../../EXAMPLE_2/cpu89/code/data_ram.v">
      <FileInfo>
        <Attr Name="UsedIn" Val="synthesis"/>
        <Attr Name="UsedIn" Val="implementation"/>
        <Attr Name="UsedIn" Val="simulation"/>
      </FileInfo>
    </File>
    <File Path="$PPRDIR/../../EXAMPLE_2/cpu89/code/div.v">
      <FileInfo>
        <Attr Name="UsedIn" Val="synthesis"/>
        <Attr Name="UsedIn" Val="implementation"/>
        <Attr Name="UsedIn" Val="simulation"/>
      </FileInfo>
    </File>
    <File Path="$PPRDIR/../../EXAMPLE_2/cpu89/code/ex.v">
      <FileInfo>
        <Attr Name="UsedIn" Val="synthesis"/>
        <Attr Name="UsedIn" Val="implementation"/>
        <Attr Name="UsedIn" Val="simulation"/>
      </FileInfo>
    </File>
    <File Path="$PPRDIR/../../EXAMPLE_2/cpu89/code/ex_mem.v">
      <FileInfo>
        <Attr Name="UsedIn" Val="synthesis"/>
        <Attr Name="UsedIn" Val="implementation"/>
        <Attr Name="UsedIn" Val="simulation"/>
      </FileInfo>
    </File>
    <File Path="$PPRDIR/../../EXAMPLE_2/cpu89/code/hilo_reg.v">
      <FileInfo>
        <Attr Name="UsedIn" Val="synthesis"/>
        <Attr Name="UsedIn" Val="implementation"/>
        <Attr Name="UsedIn" Val="simulation"/>
      </FileInfo>
    </File>
    <File Path="$PPRDIR/../../EXAMPLE_2/cpu89/code/id.v">
      <FileInfo>
        <Attr Name="UsedIn" Val="synthesis"/>
        <Attr Name="UsedIn" Val="implementation"/>
        <Attr Name="UsedIn" Val="simulation"/>
      </FileInfo>
    </File>
    <File Path="$PPRDIR/../../EXAMPLE_2/cpu89/code/id_ex.v">
      <FileInfo>
        <Attr Name="UsedIn" Val="synthesis"/>
        <Attr Name="UsedIn" Val="implementation"/>
        <Attr Name="UsedIn" Val="simulation"/>
      </FileInfo>
    </File>
    <File Path="$PPRDIR/../../EXAMPLE_2/cpu89/code/if_id.v">
      <FileInfo>
        <Attr Name="UsedIn" Val="synthesis"/>
        <Attr Name="UsedIn" Val="implementation"/>
        <Attr Name="UsedIn" Val="simulation"/>
      </FileInfo>
    </File>
    <File Path="$PPRDIR/../../EXAMPLE_2/cpu89/code/inst_rom.v">
      <FileInfo>
        <Attr Name="UsedIn" Val="synthesis"/>
        <Attr Name="UsedIn" Val="implementation"/>
        <Attr Name="UsedIn" Val="simulation"/>
      </FileInfo>
    </File>
    <File Path="$PPRDIR/../../EXAMPLE_2/cpu89/code/mem.v">
      <FileInfo>
        <Attr Name="UsedIn" Val="synthesis"/>
        <Attr Name="UsedIn" Val="implementation"/>
        <Attr Name="UsedIn" Val="simulation"/>
      </FileInfo>
    </File>
    <File Path="$PPRDIR/../../EXAMPLE_2/cpu89/code/mem_wb.v">
      <FileInfo>
        <Attr Name="UsedIn" Val="synthesis"/>
        <Attr Name="UsedIn" Val="implementation"/>
        <Attr Name="UsedIn" Val="simulation"/>
      </FileInfo>
    </File>
    <File Path="$PPRDIR/../../EXAMPLE_2/cpu89/code/openmips.v">
      <FileInfo>
        <Attr Name="UsedIn" Val="synthesis"/>
        <Attr Name="UsedIn" Val="implementation"/>
        <Attr Name="UsedIn" Val="simulation"/>
      </FileInfo>
    </File>
    <File Path="$PPRDIR/../../EXAMPLE_2/cpu89/code/pc_reg.v">
      <FileInfo>
        <Attr Name="UsedIn" Val="synthesis"/>
        <Attr Name="UsedIn" Val="implementation"/>
        <Attr Name="UsedIn" Val="simulation"/>
      </FileInfo>
    </File>
    <File Path="$PPRDIR/../../EXAMPLE_2/cpu89/code/regfile.v">
      <FileInfo>
        <Attr Name="UsedIn" Val="synthesis"/>
        <Attr Name="UsedIn" Val="implementation"/>
        <Attr Name="UsedIn" Val="simulation"/>
      </FileInfo>
    </File>
    <File Path="$PPRDIR/../../EXAMPLE_2/cpu89/code/seg7x16.v">
      <FileInfo>
        <Attr Name="UsedIn" Val="synthesis"/>
        <Attr Name="UsedIn" Val="implementation"/>
        <Attr Name="UsedIn" Val="simulation"/>
      </FileInfo>
    </File>
    <File Path="$PPRDIR/../../EXAMPLE_2/cpu89/code/openmips_min_sopc.v">
      <FileInfo>
        <Attr Name="UsedIn" Val="synthesis"/>
        <Attr Name="UsedIn" Val="implementation"/>
        <Attr Name="UsedIn" Val="simulation"/>
      </FileInfo>
    </File>
    <Config>
      <Option Name="DesignMode" Val="RTL"/>
      <Option Name="TopModule" Val="openmips_min_sopc"/>
      <Option Name="TopAutoSet" Val="TRUE"/>
    </Config>
  </FileSet>
  <FileSet Name="constrs_in" Type="Constrs" RelSrcDir="$PSRCDIR/constrs_1">
    <Filter Type="Constrs"/>
    <File Path="$PPRDIR/../../EXAMPLE_2/cpu89/code/seg7.xdc">
      <FileInfo>
        <Attr Name="UsedIn" Val="synthesis"/>
        <Attr Name="UsedIn" Val="implementation"/>
      </FileInfo>
    </File>
    <Config>
      <Option Name="ConstrsType" Val="XDC"/>
    </Config>
  </FileSet>
  <FileSet Name="utils" Type="Utils" RelSrcDir="$PSRCDIR/utils_1">
    <Filter Type="Utils"/>
    <Config>
      <Option Name="TopAutoSet" Val="TRUE"/>
    </Config>
  </FileSet>
  <Strategy Version="1" Minor="2">
    <StratHandle Name="Vivado Implementation Defaults" Flow="Vivado Implementation 2019"/>
    <Step Id="init_design"/>
    <Step Id="opt_design"/>
    <Step Id="power_opt_design"/>
    <Step Id="place_design"/>
    <Step Id="post_place_power_opt_design"/>
    <Step Id="phys_opt_design"/>
    <Step Id="route_design"/>
    <Step Id="post_route_phys_opt_design"/>
    <Step Id="write_bitstream"/>
  </Strategy>
</GenRun>
