<?xml version="1.0" encoding="UTF-8"?>
<!-- Product Version: Vivado v2019.1 (64-bit)                     -->
<!--                                                              -->
<!-- Copyright 1986-2019 Xilinx, Inc. All Rights Reserved.        -->

<hwsession version="1" minor="2">
  <device name="xc7a100t_0" gui_info="dashboard1=hw_ila_1[xc7a100t_0/hw_ila_1/Trigger Setup=ILA_TRIGGER_1;xc7a100t_0/hw_ila_1/Capture Setup=ILA_CAPTURE_1;xc7a100t_0/hw_ila_1/Waveform=ILA_WAVE_1;]"/>
  <ObjectList object_type="hw_cfgmem" gui_info="">
    <Object name="" gui_info="">
      <Properties Property="PROGRAM.ADDRESS_RANGE" value="use_file"/>
      <Properties Property="PROGRAM.BLANK_CHECK" value="0"/>
      <Properties Property="PROGRAM.CFG_PROGRAM" value="1"/>
      <Properties Property="PROGRAM.CHECKSUM" value="0"/>
      <Properties Property="PROGRAM.ERASE" value="1"/>
      <Properties Property="PROGRAM.FILES" value="E:/cOMPUTERaRCHITECTURE/EXP2/source_code/OS.bin"/>
      <Properties Property="PROGRAM.PRM_FILE" value=""/>
      <Properties Property="PROGRAM.UNUSED_PIN_TERMINATION" value="pull-none"/>
      <Properties Property="PROGRAM.VERIFY" value="1"/>
    </Object>
  </ObjectList>
  <ObjectList object_type="hw_device" gui_info="">
    <Object name="xc7a100t_0" gui_info="">
      <Properties Property="FULL_PROBES.FILE" value=""/>
      <Properties Property="PROBES.FILE" value=""/>
      <Properties Property="PROGRAM.HW_BITSTREAM" value="$_project_name_.runs/impl_1/openmips_min_sopc.bit"/>
      <Properties Property="PROGRAM.HW_CFGMEM_PART" value="s25fl128sxxxxxx0-spi-x1_x2_x4"/>
      <Properties Property="SLR.COUNT" value="1"/>
    </Object>
  </ObjectList>
  <ObjectList object_type="hw_ila" gui_info="">
    <Object name="" gui_info="">
      <Properties Property="CONTROL.TRIGGER_CONDITION" value="AND"/>
      <Properties Property="CORE_REFRESH_RATE_MS" value="500"/>
    </Object>
    <Object name="u_ila_0" gui_info="">
      <Properties Property="CONTROL.TRIGGER_CONDITION" value="AND"/>
      <Properties Property="CORE_REFRESH_RATE_MS" value="500"/>
    </Object>
    <Object name="u_ila_1" gui_info="">
      <Properties Property="CONTROL.TRIGGER_CONDITION" value="AND"/>
      <Properties Property="CORE_REFRESH_RATE_MS" value="500"/>
    </Object>
  </ObjectList>
  <ObjectList object_type="hw_probe" gui_info="">
    <Object name="flash_rom/addr[23:0]" gui_info=""/>
    <Object name="flash_rom/read_count[10:0]" gui_info=""/>
    <Object name="flash_rom/state[4:0]" gui_info=""/>
    <Object name="openmips0/inst_i[31:0]" gui_info=""/>
    <Object name="openmips0/pc[31:0]" gui_info="Trigger Setup=0"/>
    <Object name="sdi_IBUF" gui_info=""/>
  </ObjectList>
  <ObjectList object_type="hw_sysmon" gui_info="">
    <Object name="XADC" gui_info="dashboard_1=[TEMPERATURE=-65281;SCAN_RATE=1000;TRACK_TIME=1;],hw_ila_1=[TEMPERATURE=-65281;SCAN_RATE=1000;TRACK_TIME=1;]"/>
  </ObjectList>
  <probeset name="hw project" active="false">
    <probe type="ila" busType="net" source="netlist" spec="ILA_V2_RT">
      <probeOptions Id="DebugProbeParams">
        <Option Id="CAPTURE_COMPARE_VALUE" value="eq3&apos;hX"/>
        <Option Id="COMPARE_VALUE.0" value="eq3&apos;hX"/>
        <Option Id="DISPLAY_AS_ENUM" value="1"/>
        <Option Id="DISPLAY_HINT" value=""/>
        <Option Id="DISPLAY_RADIX" value="HEX"/>
        <Option Id="DISPLAY_VISIBILITY" value=""/>
        <Option Id="HW_ILA" value="u_ila_0"/>
        <Option Id="LINK_TO_WAVEFORM" value="1"/>
        <Option Id="MAP" value="probe0[2:0]"/>
        <Option Id="NAME.CUSTOM" value=""/>
        <Option Id="NAME.SELECT" value="Long"/>
        <Option Id="SOURCE" value="netlist"/>
        <Option Id="TRIGGER_COMPARE_VALUE" value="eq3&apos;hX"/>
        <Option Id="WAVEFORM_STYLE" value="Digital"/>
      </probeOptions>
      <nets>
        <net name="DDR2/state[2]"/>
        <net name="DDR2/state[1]"/>
        <net name="DDR2/state[0]"/>
      </nets>
    </probe>
    <probe type="ila" busType="net" source="netlist" spec="ILA_V2_RT">
      <probeOptions Id="DebugProbeParams">
        <Option Id="CAPTURE_COMPARE_VALUE" value="eq4&apos;hX"/>
        <Option Id="COMPARE_VALUE.0" value="eq4&apos;hX"/>
        <Option Id="DISPLAY_AS_ENUM" value="1"/>
        <Option Id="DISPLAY_HINT" value=""/>
        <Option Id="DISPLAY_RADIX" value="HEX"/>
        <Option Id="DISPLAY_VISIBILITY" value=""/>
        <Option Id="HW_ILA" value="hw_ila_1"/>
        <Option Id="LINK_TO_WAVEFORM" value="1"/>
        <Option Id="MAP" value="probe0[3:0]"/>
        <Option Id="NAME.CUSTOM" value=""/>
        <Option Id="NAME.SELECT" value="Long"/>
        <Option Id="SOURCE" value="netlist"/>
        <Option Id="TRIGGER_COMPARE_VALUE" value="eq4&apos;hX"/>
        <Option Id="WAVEFORM_STYLE" value="Digital"/>
      </probeOptions>
      <nets>
        <net name="GraphicsController/state[3]"/>
        <net name="GraphicsController/state[2]"/>
        <net name="GraphicsController/state[1]"/>
        <net name="GraphicsController/state[0]"/>
      </nets>
    </probe>
    <probe type="ila" busType="net" source="netlist" spec="ILA_V2_RT">
      <probeOptions Id="DebugProbeParams">
        <Option Id="CAPTURE_COMPARE_VALUE" value="eq1&apos;bX"/>
        <Option Id="COMPARE_VALUE.0" value="eq1&apos;bX"/>
        <Option Id="DISPLAY_AS_ENUM" value="1"/>
        <Option Id="DISPLAY_HINT" value=""/>
        <Option Id="DISPLAY_RADIX" value="HEX"/>
        <Option Id="DISPLAY_VISIBILITY" value=""/>
        <Option Id="HW_ILA" value="hw_ila_1"/>
        <Option Id="LINK_TO_WAVEFORM" value="1"/>
        <Option Id="MAP" value="probe10[0]"/>
        <Option Id="NAME.CUSTOM" value=""/>
        <Option Id="NAME.SELECT" value="Long"/>
        <Option Id="SOURCE" value="netlist"/>
        <Option Id="TRIGGER_COMPARE_VALUE" value="eq1&apos;bX"/>
        <Option Id="WAVEFORM_STYLE" value="Digital"/>
      </probeOptions>
      <nets>
        <net name="cs_n_OBUF"/>
      </nets>
    </probe>
    <probe type="ila" busType="net" source="netlist" spec="ILA_V2_RT">
      <probeOptions Id="DebugProbeParams">
        <Option Id="CAPTURE_COMPARE_VALUE" value="eq24&apos;hXX_XXXX"/>
        <Option Id="COMPARE_VALUE.0" value="eq24&apos;hXX_XXXX"/>
        <Option Id="DISPLAY_AS_ENUM" value="1"/>
        <Option Id="DISPLAY_HINT" value=""/>
        <Option Id="DISPLAY_RADIX" value="HEX"/>
        <Option Id="DISPLAY_VISIBILITY" value=""/>
        <Option Id="HW_ILA" value="hw_ila_1"/>
        <Option Id="LINK_TO_WAVEFORM" value="1"/>
        <Option Id="MAP" value="probe0[23:0]"/>
        <Option Id="NAME.CUSTOM" value=""/>
        <Option Id="NAME.SELECT" value="Long"/>
        <Option Id="SOURCE" value="netlist"/>
        <Option Id="TRIGGER_COMPARE_VALUE" value="eq24&apos;hXX_XXXX"/>
        <Option Id="WAVEFORM_STYLE" value="Digital"/>
      </probeOptions>
      <nets>
        <net name="flash_rom/addr[23]"/>
        <net name="flash_rom/addr[22]"/>
        <net name="flash_rom/addr[21]"/>
        <net name="flash_rom/addr[20]"/>
        <net name="flash_rom/addr[19]"/>
        <net name="flash_rom/addr[18]"/>
        <net name="flash_rom/addr[17]"/>
        <net name="flash_rom/addr[16]"/>
        <net name="flash_rom/addr[15]"/>
        <net name="flash_rom/addr[14]"/>
        <net name="flash_rom/addr[13]"/>
        <net name="flash_rom/addr[12]"/>
        <net name="flash_rom/addr[11]"/>
        <net name="flash_rom/addr[10]"/>
        <net name="flash_rom/addr[9]"/>
        <net name="flash_rom/addr[8]"/>
        <net name="flash_rom/addr[7]"/>
        <net name="flash_rom/addr[6]"/>
        <net name="flash_rom/addr[5]"/>
        <net name="flash_rom/addr[4]"/>
        <net name="flash_rom/addr[3]"/>
        <net name="flash_rom/addr[2]"/>
        <net name="flash_rom/addr[1]"/>
        <net name="flash_rom/addr[0]"/>
      </nets>
    </probe>
    <probe type="ila" busType="net" source="netlist" spec="ILA_V2_RT">
      <probeOptions Id="DebugProbeParams">
        <Option Id="CAPTURE_COMPARE_VALUE" value="eq2&apos;hX"/>
        <Option Id="COMPARE_VALUE.0" value="eq2&apos;hX"/>
        <Option Id="DISPLAY_AS_ENUM" value="1"/>
        <Option Id="DISPLAY_HINT" value=""/>
        <Option Id="DISPLAY_RADIX" value="HEX"/>
        <Option Id="DISPLAY_VISIBILITY" value=""/>
        <Option Id="HW_ILA" value="hw_ila_1"/>
        <Option Id="LINK_TO_WAVEFORM" value="1"/>
        <Option Id="MAP" value="probe1[1:0]"/>
        <Option Id="NAME.CUSTOM" value=""/>
        <Option Id="NAME.SELECT" value="Long"/>
        <Option Id="SOURCE" value="netlist"/>
        <Option Id="TRIGGER_COMPARE_VALUE" value="eq2&apos;hX"/>
        <Option Id="WAVEFORM_STYLE" value="Digital"/>
      </probeOptions>
      <nets>
        <net name="flash_rom/cs_n_d[1]"/>
        <net name="flash_rom/cs_n_d[0]"/>
      </nets>
    </probe>
    <probe type="ila" busType="net" source="netlist" spec="ILA_V2_RT">
      <probeOptions Id="DebugProbeParams">
        <Option Id="CAPTURE_COMPARE_VALUE" value="eq8&apos;hXX"/>
        <Option Id="COMPARE_VALUE.0" value="eq8&apos;hXX"/>
        <Option Id="DISPLAY_AS_ENUM" value="1"/>
        <Option Id="DISPLAY_HINT" value=""/>
        <Option Id="DISPLAY_RADIX" value="HEX"/>
        <Option Id="DISPLAY_VISIBILITY" value=""/>
        <Option Id="HW_ILA" value="hw_ila_1"/>
        <Option Id="LINK_TO_WAVEFORM" value="1"/>
        <Option Id="MAP" value="probe2[7:0]"/>
        <Option Id="NAME.CUSTOM" value=""/>
        <Option Id="NAME.SELECT" value="Long"/>
        <Option Id="SOURCE" value="netlist"/>
        <Option Id="TRIGGER_COMPARE_VALUE" value="eq8&apos;hXX"/>
        <Option Id="WAVEFORM_STYLE" value="Digital"/>
      </probeOptions>
      <nets>
        <net name="flash_rom/datain[7]"/>
        <net name="flash_rom/datain[6]"/>
        <net name="flash_rom/datain[5]"/>
        <net name="flash_rom/datain[4]"/>
        <net name="flash_rom/datain[3]"/>
        <net name="flash_rom/datain[2]"/>
        <net name="flash_rom/datain[1]"/>
        <net name="flash_rom/datain[0]"/>
      </nets>
    </probe>
    <probe type="ila" busType="net" source="netlist" spec="ILA_V2_RT">
      <probeOptions Id="DebugProbeParams">
        <Option Id="CAPTURE_COMPARE_VALUE" value="eq8&apos;hXX"/>
        <Option Id="COMPARE_VALUE.0" value="eq8&apos;hXX"/>
        <Option Id="DISPLAY_AS_ENUM" value="1"/>
        <Option Id="DISPLAY_HINT" value=""/>
        <Option Id="DISPLAY_RADIX" value="HEX"/>
        <Option Id="DISPLAY_VISIBILITY" value=""/>
        <Option Id="HW_ILA" value="hw_ila_1"/>
        <Option Id="LINK_TO_WAVEFORM" value="1"/>
        <Option Id="MAP" value="probe10[7:0]"/>
        <Option Id="NAME.CUSTOM" value=""/>
        <Option Id="NAME.SELECT" value="Long"/>
        <Option Id="SOURCE" value="netlist"/>
        <Option Id="TRIGGER_COMPARE_VALUE" value="eq8&apos;hXX"/>
        <Option Id="WAVEFORM_STYLE" value="Digital"/>
      </probeOptions>
      <nets>
        <net name="flash_rom/datain_shift[7]"/>
        <net name="flash_rom/datain_shift[6]"/>
        <net name="flash_rom/datain_shift[5]"/>
        <net name="flash_rom/datain_shift[4]"/>
        <net name="flash_rom/datain_shift[3]"/>
        <net name="flash_rom/datain_shift[2]"/>
        <net name="flash_rom/datain_shift[1]"/>
        <net name="flash_rom/datain_shift[0]"/>
      </nets>
    </probe>
    <probe type="ila" busType="net" source="netlist" spec="ILA_V2_RT">
      <probeOptions Id="DebugProbeParams">
        <Option Id="CAPTURE_COMPARE_VALUE" value="eq8&apos;hXX"/>
        <Option Id="COMPARE_VALUE.0" value="eq8&apos;hXX"/>
        <Option Id="DISPLAY_AS_ENUM" value="1"/>
        <Option Id="DISPLAY_HINT" value=""/>
        <Option Id="DISPLAY_RADIX" value="HEX"/>
        <Option Id="DISPLAY_VISIBILITY" value=""/>
        <Option Id="HW_ILA" value="hw_ila_1"/>
        <Option Id="LINK_TO_WAVEFORM" value="1"/>
        <Option Id="MAP" value="probe3[7:0]"/>
        <Option Id="NAME.CUSTOM" value=""/>
        <Option Id="NAME.SELECT" value="Long"/>
        <Option Id="SOURCE" value="netlist"/>
        <Option Id="TRIGGER_COMPARE_VALUE" value="eq8&apos;hXX"/>
        <Option Id="WAVEFORM_STYLE" value="Digital"/>
      </probeOptions>
      <nets>
        <net name="flash_rom/dataout[7]"/>
        <net name="flash_rom/dataout[6]"/>
        <net name="flash_rom/dataout[5]"/>
        <net name="flash_rom/dataout[4]"/>
        <net name="flash_rom/dataout[3]"/>
        <net name="flash_rom/dataout[2]"/>
        <net name="flash_rom/dataout[1]"/>
        <net name="flash_rom/dataout[0]"/>
      </nets>
    </probe>
    <probe type="ila" busType="net" source="netlist" spec="ILA_V2_RT">
      <probeOptions Id="DebugProbeParams">
        <Option Id="CAPTURE_COMPARE_VALUE" value="eq5&apos;hXX"/>
        <Option Id="COMPARE_VALUE.0" value="eq5&apos;hXX"/>
        <Option Id="DISPLAY_AS_ENUM" value="1"/>
        <Option Id="DISPLAY_HINT" value=""/>
        <Option Id="DISPLAY_RADIX" value="HEX"/>
        <Option Id="DISPLAY_VISIBILITY" value=""/>
        <Option Id="HW_ILA" value="hw_ila_1"/>
        <Option Id="LINK_TO_WAVEFORM" value="1"/>
        <Option Id="MAP" value="probe6[4:0]"/>
        <Option Id="NAME.CUSTOM" value=""/>
        <Option Id="NAME.SELECT" value="Long"/>
        <Option Id="SOURCE" value="netlist"/>
        <Option Id="TRIGGER_COMPARE_VALUE" value="eq5&apos;hXX"/>
        <Option Id="WAVEFORM_STYLE" value="Digital"/>
      </probeOptions>
      <nets>
        <net name="flash_rom/init_count[4]"/>
        <net name="flash_rom/init_count[3]"/>
        <net name="flash_rom/init_count[2]"/>
        <net name="flash_rom/init_count[1]"/>
        <net name="flash_rom/init_count[0]"/>
      </nets>
    </probe>
    <probe type="ila" busType="net" source="netlist" spec="ILA_V2_RT">
      <probeOptions Id="DebugProbeParams">
        <Option Id="CAPTURE_COMPARE_VALUE" value="eq1&apos;bX"/>
        <Option Id="COMPARE_VALUE.0" value="eq1&apos;bX"/>
        <Option Id="DISPLAY_AS_ENUM" value="1"/>
        <Option Id="DISPLAY_HINT" value=""/>
        <Option Id="DISPLAY_RADIX" value="HEX"/>
        <Option Id="DISPLAY_VISIBILITY" value=""/>
        <Option Id="HW_ILA" value="hw_ila_1"/>
        <Option Id="LINK_TO_WAVEFORM" value="1"/>
        <Option Id="MAP" value="probe15[0]"/>
        <Option Id="NAME.CUSTOM" value=""/>
        <Option Id="NAME.SELECT" value="Long"/>
        <Option Id="SOURCE" value="netlist"/>
        <Option Id="TRIGGER_COMPARE_VALUE" value="eq1&apos;bX"/>
        <Option Id="WAVEFORM_STYLE" value="Digital"/>
      </probeOptions>
      <nets>
        <net name="flash_rom/init_flag"/>
      </nets>
    </probe>
    <probe type="ila" busType="net" source="netlist" spec="ILA_V2_RT">
      <probeOptions Id="DebugProbeParams">
        <Option Id="CAPTURE_COMPARE_VALUE" value="eq11&apos;hXXX"/>
        <Option Id="COMPARE_VALUE.0" value="eq11&apos;hXXX"/>
        <Option Id="DISPLAY_AS_ENUM" value="1"/>
        <Option Id="DISPLAY_HINT" value=""/>
        <Option Id="DISPLAY_RADIX" value="HEX"/>
        <Option Id="DISPLAY_VISIBILITY" value=""/>
        <Option Id="HW_ILA" value="hw_ila_1"/>
        <Option Id="LINK_TO_WAVEFORM" value="1"/>
        <Option Id="MAP" value="probe9[10:0]"/>
        <Option Id="NAME.CUSTOM" value=""/>
        <Option Id="NAME.SELECT" value="Long"/>
        <Option Id="SOURCE" value="netlist"/>
        <Option Id="TRIGGER_COMPARE_VALUE" value="eq11&apos;hXXX"/>
        <Option Id="WAVEFORM_STYLE" value="Digital"/>
      </probeOptions>
      <nets>
        <net name="flash_rom/read_count[10]"/>
        <net name="flash_rom/read_count[9]"/>
        <net name="flash_rom/read_count[8]"/>
        <net name="flash_rom/read_count[7]"/>
        <net name="flash_rom/read_count[6]"/>
        <net name="flash_rom/read_count[5]"/>
        <net name="flash_rom/read_count[4]"/>
        <net name="flash_rom/read_count[3]"/>
        <net name="flash_rom/read_count[2]"/>
        <net name="flash_rom/read_count[1]"/>
        <net name="flash_rom/read_count[0]"/>
      </nets>
    </probe>
    <probe type="ila" busType="net" source="netlist" spec="ILA_V2_RT">
      <probeOptions Id="DebugProbeParams">
        <Option Id="CAPTURE_COMPARE_VALUE" value="eq32&apos;hXXXX_XXXX"/>
        <Option Id="COMPARE_VALUE.0" value="eq32&apos;hXXXX_XXXX"/>
        <Option Id="DISPLAY_AS_ENUM" value="1"/>
        <Option Id="DISPLAY_HINT" value=""/>
        <Option Id="DISPLAY_RADIX" value="HEX"/>
        <Option Id="DISPLAY_VISIBILITY" value=""/>
        <Option Id="HW_ILA" value="hw_ila_1"/>
        <Option Id="LINK_TO_WAVEFORM" value="1"/>
        <Option Id="MAP" value="probe11[31:0]"/>
        <Option Id="NAME.CUSTOM" value=""/>
        <Option Id="NAME.SELECT" value="Long"/>
        <Option Id="SOURCE" value="netlist"/>
        <Option Id="TRIGGER_COMPARE_VALUE" value="eq32&apos;hXXXX_XXXX"/>
        <Option Id="WAVEFORM_STYLE" value="Digital"/>
      </probeOptions>
      <nets>
        <net name="flash_rom/read_data[31]"/>
        <net name="flash_rom/read_data[30]"/>
        <net name="flash_rom/read_data[29]"/>
        <net name="flash_rom/read_data[28]"/>
        <net name="flash_rom/read_data[27]"/>
        <net name="flash_rom/read_data[26]"/>
        <net name="flash_rom/read_data[25]"/>
        <net name="flash_rom/read_data[24]"/>
        <net name="flash_rom/read_data[23]"/>
        <net name="flash_rom/read_data[22]"/>
        <net name="flash_rom/read_data[21]"/>
        <net name="flash_rom/read_data[20]"/>
        <net name="flash_rom/read_data[19]"/>
        <net name="flash_rom/read_data[18]"/>
        <net name="flash_rom/read_data[17]"/>
        <net name="flash_rom/read_data[16]"/>
        <net name="flash_rom/read_data[15]"/>
        <net name="flash_rom/read_data[14]"/>
        <net name="flash_rom/read_data[13]"/>
        <net name="flash_rom/read_data[12]"/>
        <net name="flash_rom/read_data[11]"/>
        <net name="flash_rom/read_data[10]"/>
        <net name="flash_rom/read_data[9]"/>
        <net name="flash_rom/read_data[8]"/>
        <net name="flash_rom/read_data[7]"/>
        <net name="flash_rom/read_data[6]"/>
        <net name="flash_rom/read_data[5]"/>
        <net name="flash_rom/read_data[4]"/>
        <net name="flash_rom/read_data[3]"/>
        <net name="flash_rom/read_data[2]"/>
        <net name="flash_rom/read_data[1]"/>
        <net name="flash_rom/read_data[0]"/>
      </nets>
    </probe>
    <probe type="ila" busType="net" source="netlist" spec="ILA_V2_RT">
      <probeOptions Id="DebugProbeParams">
        <Option Id="CAPTURE_COMPARE_VALUE" value="eq1&apos;bX"/>
        <Option Id="COMPARE_VALUE.0" value="eq1&apos;bX"/>
        <Option Id="DISPLAY_AS_ENUM" value="1"/>
        <Option Id="DISPLAY_HINT" value=""/>
        <Option Id="DISPLAY_RADIX" value="HEX"/>
        <Option Id="DISPLAY_VISIBILITY" value=""/>
        <Option Id="HW_ILA" value="hw_ila_1"/>
        <Option Id="LINK_TO_WAVEFORM" value="1"/>
        <Option Id="MAP" value="probe12[0]"/>
        <Option Id="NAME.CUSTOM" value=""/>
        <Option Id="NAME.SELECT" value="Long"/>
        <Option Id="SOURCE" value="netlist"/>
        <Option Id="TRIGGER_COMPARE_VALUE" value="eq1&apos;bX"/>
        <Option Id="WAVEFORM_STYLE" value="Digital"/>
      </probeOptions>
      <nets>
        <net name="flash_rom/sck"/>
      </nets>
    </probe>
    <probe type="ila" busType="net" source="netlist" spec="ILA_V2_RT">
      <probeOptions Id="DebugProbeParams">
        <Option Id="CAPTURE_COMPARE_VALUE" value="eq1&apos;bX"/>
        <Option Id="COMPARE_VALUE.0" value="eq1&apos;bX"/>
        <Option Id="DISPLAY_AS_ENUM" value="1"/>
        <Option Id="DISPLAY_HINT" value=""/>
        <Option Id="DISPLAY_RADIX" value="HEX"/>
        <Option Id="DISPLAY_VISIBILITY" value=""/>
        <Option Id="HW_ILA" value="hw_ila_1"/>
        <Option Id="LINK_TO_WAVEFORM" value="1"/>
        <Option Id="MAP" value="probe13[0]"/>
        <Option Id="NAME.CUSTOM" value=""/>
        <Option Id="NAME.SELECT" value="Long"/>
        <Option Id="SOURCE" value="netlist"/>
        <Option Id="TRIGGER_COMPARE_VALUE" value="eq1&apos;bX"/>
        <Option Id="WAVEFORM_STYLE" value="Digital"/>
      </probeOptions>
      <nets>
        <net name="flash_rom/sck_en"/>
      </nets>
    </probe>
    <probe type="ila" busType="net" source="netlist" spec="ILA_V2_RT">
      <probeOptions Id="DebugProbeParams">
        <Option Id="CAPTURE_COMPARE_VALUE" value="eq3&apos;hX"/>
        <Option Id="COMPARE_VALUE.0" value="eq3&apos;hX"/>
        <Option Id="DISPLAY_AS_ENUM" value="1"/>
        <Option Id="DISPLAY_HINT" value=""/>
        <Option Id="DISPLAY_RADIX" value="HEX"/>
        <Option Id="DISPLAY_VISIBILITY" value=""/>
        <Option Id="HW_ILA" value="hw_ila_1"/>
        <Option Id="LINK_TO_WAVEFORM" value="1"/>
        <Option Id="MAP" value="probe7[2:0]"/>
        <Option Id="NAME.CUSTOM" value=""/>
        <Option Id="NAME.SELECT" value="Long"/>
        <Option Id="SOURCE" value="netlist"/>
        <Option Id="TRIGGER_COMPARE_VALUE" value="eq3&apos;hX"/>
        <Option Id="WAVEFORM_STYLE" value="Digital"/>
      </probeOptions>
      <nets>
        <net name="flash_rom/sck_en_d[2]"/>
        <net name="flash_rom/sck_en_d[1]"/>
        <net name="flash_rom/sck_en_d[0]"/>
      </nets>
    </probe>
    <probe type="ila" busType="net" source="netlist" spec="ILA_V2_RT">
      <probeOptions Id="DebugProbeParams">
        <Option Id="CAPTURE_COMPARE_VALUE" value="eq4&apos;hX"/>
        <Option Id="COMPARE_VALUE.0" value="eq4&apos;hX"/>
        <Option Id="DISPLAY_AS_ENUM" value="1"/>
        <Option Id="DISPLAY_HINT" value=""/>
        <Option Id="DISPLAY_RADIX" value="HEX"/>
        <Option Id="DISPLAY_VISIBILITY" value=""/>
        <Option Id="HW_ILA" value="hw_ila_1"/>
        <Option Id="LINK_TO_WAVEFORM" value="1"/>
        <Option Id="MAP" value="probe8[3:0]"/>
        <Option Id="NAME.CUSTOM" value=""/>
        <Option Id="NAME.SELECT" value="Long"/>
        <Option Id="SOURCE" value="netlist"/>
        <Option Id="TRIGGER_COMPARE_VALUE" value="eq4&apos;hX"/>
        <Option Id="WAVEFORM_STYLE" value="Digital"/>
      </probeOptions>
      <nets>
        <net name="flash_rom/sdo_count[3]"/>
        <net name="flash_rom/sdo_count[2]"/>
        <net name="flash_rom/sdo_count[1]"/>
        <net name="flash_rom/sdo_count[0]"/>
      </nets>
    </probe>
    <probe type="ila" busType="net" source="netlist" spec="ILA_V2_RT">
      <probeOptions Id="DebugProbeParams">
        <Option Id="CAPTURE_COMPARE_VALUE" value="eq5&apos;hXX"/>
        <Option Id="COMPARE_VALUE.0" value="eq5&apos;hXX"/>
        <Option Id="DISPLAY_AS_ENUM" value="1"/>
        <Option Id="DISPLAY_HINT" value=""/>
        <Option Id="DISPLAY_RADIX" value="HEX"/>
        <Option Id="DISPLAY_VISIBILITY" value=""/>
        <Option Id="HW_ILA" value="u_ila_0"/>
        <Option Id="LINK_TO_WAVEFORM" value="1"/>
        <Option Id="MAP" value="probe1[4:0]"/>
        <Option Id="NAME.CUSTOM" value=""/>
        <Option Id="NAME.SELECT" value="Long"/>
        <Option Id="SOURCE" value="netlist"/>
        <Option Id="TRIGGER_COMPARE_VALUE" value="eq5&apos;hXX"/>
        <Option Id="WAVEFORM_STYLE" value="Digital"/>
        <Option Id="ENUM.ADDR1_OUT" value="eq5&apos;b00100"/>
        <Option Id="ENUM.ADDR2_OUT" value="eq5&apos;b00101"/>
        <Option Id="ENUM.ADDR3_OUT" value="eq5&apos;b00110"/>
        <Option Id="ENUM.ENDING" value="eq5&apos;b01110"/>
        <Option Id="ENUM.IDLE" value="eq5&apos;b00000"/>
        <Option Id="ENUM.INST_OUT" value="eq5&apos;b00011"/>
        <Option Id="ENUM.RDY" value="eq5&apos;b00001"/>
        <Option Id="ENUM.READ_DATA1" value="eq5&apos;b01001"/>
        <Option Id="ENUM.READ_DATA2" value="eq5&apos;b01010"/>
        <Option Id="ENUM.READ_DATA3" value="eq5&apos;b01011"/>
        <Option Id="ENUM.READ_DATA4" value="eq5&apos;b01100"/>
        <Option Id="ENUM.READ_DATA5" value="eq5&apos;b01101"/>
        <Option Id="ENUM.START" value="eq5&apos;b00010"/>
        <Option Id="ENUM.WRITE_DATA" value="eq5&apos;b00111"/>
      </probeOptions>
      <nets>
        <net name="flash_rom/state[4]"/>
        <net name="flash_rom/state[3]"/>
        <net name="flash_rom/state[2]"/>
        <net name="flash_rom/state[1]"/>
        <net name="flash_rom/state[0]"/>
      </nets>
    </probe>
    <probe type="ila" busType="net" source="netlist" spec="ILA_V2_RT">
      <probeOptions Id="DebugProbeParams">
        <Option Id="CAPTURE_COMPARE_VALUE" value="eq1&apos;bX"/>
        <Option Id="COMPARE_VALUE.0" value="eq1&apos;bX"/>
        <Option Id="DISPLAY_AS_ENUM" value="1"/>
        <Option Id="DISPLAY_HINT" value=""/>
        <Option Id="DISPLAY_RADIX" value="HEX"/>
        <Option Id="DISPLAY_VISIBILITY" value=""/>
        <Option Id="HW_ILA" value="hw_ila_1"/>
        <Option Id="LINK_TO_WAVEFORM" value="1"/>
        <Option Id="MAP" value="probe14[0]"/>
        <Option Id="NAME.CUSTOM" value=""/>
        <Option Id="NAME.SELECT" value="Long"/>
        <Option Id="SOURCE" value="netlist"/>
        <Option Id="TRIGGER_COMPARE_VALUE" value="eq1&apos;bX"/>
        <Option Id="WAVEFORM_STYLE" value="Digital"/>
      </probeOptions>
      <nets>
        <net name="flash_rom/wb_cyc_i_r"/>
      </nets>
    </probe>
    <probe type="ila" busType="net" source="netlist" spec="ILA_V2_RT">
      <probeOptions Id="DebugProbeParams">
        <Option Id="CAPTURE_COMPARE_VALUE" value="eq1&apos;bX"/>
        <Option Id="COMPARE_VALUE.0" value="eq1&apos;bX"/>
        <Option Id="DISPLAY_AS_ENUM" value="1"/>
        <Option Id="DISPLAY_HINT" value=""/>
        <Option Id="DISPLAY_RADIX" value="HEX"/>
        <Option Id="DISPLAY_VISIBILITY" value=""/>
        <Option Id="HW_ILA" value="hw_ila_1"/>
        <Option Id="LINK_TO_WAVEFORM" value="1"/>
        <Option Id="MAP" value="probe15[0]"/>
        <Option Id="NAME.CUSTOM" value=""/>
        <Option Id="NAME.SELECT" value="Long"/>
        <Option Id="SOURCE" value="netlist"/>
        <Option Id="TRIGGER_COMPARE_VALUE" value="eq1&apos;bX"/>
        <Option Id="WAVEFORM_STYLE" value="Digital"/>
      </probeOptions>
      <nets>
        <net name="flash_rom/wb_stb_i_r"/>
      </nets>
    </probe>
    <probe type="ila" busType="net" source="netlist" spec="ILA_V2_RT">
      <probeOptions Id="DebugProbeParams">
        <Option Id="CAPTURE_COMPARE_VALUE" value="eq6&apos;hXX"/>
        <Option Id="COMPARE_VALUE.0" value="eq6&apos;hXX"/>
        <Option Id="DISPLAY_AS_ENUM" value="1"/>
        <Option Id="DISPLAY_HINT" value=""/>
        <Option Id="DISPLAY_RADIX" value="HEX"/>
        <Option Id="DISPLAY_VISIBILITY" value=""/>
        <Option Id="HW_ILA" value="hw_ila_1"/>
        <Option Id="LINK_TO_WAVEFORM" value="1"/>
        <Option Id="MAP" value="probe7[5:0]"/>
        <Option Id="NAME.CUSTOM" value=""/>
        <Option Id="NAME.SELECT" value="Long"/>
        <Option Id="SOURCE" value="netlist"/>
        <Option Id="TRIGGER_COMPARE_VALUE" value="eq6&apos;hXX"/>
        <Option Id="WAVEFORM_STYLE" value="Digital"/>
      </probeOptions>
      <nets>
        <net name="openmips0/cp0_reg0/cp0_cause[5]"/>
        <net name="openmips0/cp0_reg0/cp0_cause[4]"/>
        <net name="openmips0/cp0_reg0/cp0_cause[3]"/>
        <net name="openmips0/cp0_reg0/cp0_cause[2]"/>
        <net name="openmips0/cp0_reg0/cp0_cause[1]"/>
        <net name="openmips0/cp0_reg0/cp0_cause[0]"/>
      </nets>
    </probe>
    <probe type="ila" busType="net" source="netlist" spec="ILA_V2_RT">
      <probeOptions Id="DebugProbeParams">
        <Option Id="CAPTURE_COMPARE_VALUE" value="eq32&apos;hXXXX_XXXX"/>
        <Option Id="COMPARE_VALUE.0" value="eq32&apos;hXXXX_XXXX"/>
        <Option Id="DISPLAY_AS_ENUM" value="1"/>
        <Option Id="DISPLAY_HINT" value=""/>
        <Option Id="DISPLAY_RADIX" value="HEX"/>
        <Option Id="DISPLAY_VISIBILITY" value=""/>
        <Option Id="HW_ILA" value="hw_ila_1"/>
        <Option Id="LINK_TO_WAVEFORM" value="1"/>
        <Option Id="MAP" value="probe2[31:0]"/>
        <Option Id="NAME.CUSTOM" value=""/>
        <Option Id="NAME.SELECT" value="Long"/>
        <Option Id="SOURCE" value="netlist"/>
        <Option Id="TRIGGER_COMPARE_VALUE" value="eq32&apos;hXXXX_XXXX"/>
        <Option Id="WAVEFORM_STYLE" value="Digital"/>
      </probeOptions>
      <nets>
        <net name="openmips0/inst_i[31]"/>
        <net name="openmips0/inst_i[30]"/>
        <net name="openmips0/inst_i[29]"/>
        <net name="openmips0/inst_i[28]"/>
        <net name="openmips0/inst_i[27]"/>
        <net name="openmips0/inst_i[26]"/>
        <net name="openmips0/inst_i[25]"/>
        <net name="openmips0/inst_i[24]"/>
        <net name="openmips0/inst_i[23]"/>
        <net name="openmips0/inst_i[22]"/>
        <net name="openmips0/inst_i[21]"/>
        <net name="openmips0/inst_i[20]"/>
        <net name="openmips0/inst_i[19]"/>
        <net name="openmips0/inst_i[18]"/>
        <net name="openmips0/inst_i[17]"/>
        <net name="openmips0/inst_i[16]"/>
        <net name="openmips0/inst_i[15]"/>
        <net name="openmips0/inst_i[14]"/>
        <net name="openmips0/inst_i[13]"/>
        <net name="openmips0/inst_i[12]"/>
        <net name="openmips0/inst_i[11]"/>
        <net name="openmips0/inst_i[10]"/>
        <net name="openmips0/inst_i[9]"/>
        <net name="openmips0/inst_i[8]"/>
        <net name="openmips0/inst_i[7]"/>
        <net name="openmips0/inst_i[6]"/>
        <net name="openmips0/inst_i[5]"/>
        <net name="openmips0/inst_i[4]"/>
        <net name="openmips0/inst_i[3]"/>
        <net name="openmips0/inst_i[2]"/>
        <net name="openmips0/inst_i[1]"/>
        <net name="openmips0/inst_i[0]"/>
      </nets>
    </probe>
    <probe type="ila" busType="net" source="netlist" spec="ILA_V2_RT">
      <probeOptions Id="DebugProbeParams">
        <Option Id="CAPTURE_COMPARE_VALUE" value="eq31&apos;hXXXX_XXXX"/>
        <Option Id="COMPARE_VALUE.0" value="eq31&apos;hXXXX_XXXX"/>
        <Option Id="DISPLAY_AS_ENUM" value="1"/>
        <Option Id="DISPLAY_HINT" value=""/>
        <Option Id="DISPLAY_RADIX" value="HEX"/>
        <Option Id="DISPLAY_VISIBILITY" value=""/>
        <Option Id="HW_ILA" value="hw_ila_1"/>
        <Option Id="LINK_TO_WAVEFORM" value="1"/>
        <Option Id="MAP" value="probe0[30:0]"/>
        <Option Id="NAME.CUSTOM" value=""/>
        <Option Id="NAME.SELECT" value="Long"/>
        <Option Id="SOURCE" value="netlist"/>
        <Option Id="TRIGGER_COMPARE_VALUE" value="eq31&apos;hXXXX_XXXX"/>
        <Option Id="WAVEFORM_STYLE" value="Digital"/>
      </probeOptions>
      <nets>
        <net name="openmips0/pc0[31]"/>
        <net name="openmips0/pc0[30]"/>
        <net name="openmips0/pc0[29]"/>
        <net name="openmips0/pc0[28]"/>
        <net name="openmips0/pc0[27]"/>
        <net name="openmips0/pc0[26]"/>
        <net name="openmips0/pc0[25]"/>
        <net name="openmips0/pc0[24]"/>
        <net name="openmips0/pc0[23]"/>
        <net name="openmips0/pc0[22]"/>
        <net name="openmips0/pc0[21]"/>
        <net name="openmips0/pc0[20]"/>
        <net name="openmips0/pc0[19]"/>
        <net name="openmips0/pc0[18]"/>
        <net name="openmips0/pc0[17]"/>
        <net name="openmips0/pc0[16]"/>
        <net name="openmips0/pc0[15]"/>
        <net name="openmips0/pc0[14]"/>
        <net name="openmips0/pc0[13]"/>
        <net name="openmips0/pc0[12]"/>
        <net name="openmips0/pc0[11]"/>
        <net name="openmips0/pc0[10]"/>
        <net name="openmips0/pc0[9]"/>
        <net name="openmips0/pc0[8]"/>
        <net name="openmips0/pc0[7]"/>
        <net name="openmips0/pc0[6]"/>
        <net name="openmips0/pc0[5]"/>
        <net name="openmips0/pc0[4]"/>
        <net name="openmips0/pc0[3]"/>
        <net name="openmips0/pc0[2]"/>
        <net name="openmips0/pc0[1]"/>
      </nets>
    </probe>
    <probe type="ila" busType="net" source="netlist" spec="ILA_V2_RT">
      <probeOptions Id="DebugProbeParams">
        <Option Id="CAPTURE_COMPARE_VALUE" value="eq32&apos;hXXXX_XXXX"/>
        <Option Id="COMPARE_VALUE.0" value="eq32&apos;h0000_0720"/>
        <Option Id="DISPLAY_AS_ENUM" value="1"/>
        <Option Id="DISPLAY_HINT" value=""/>
        <Option Id="DISPLAY_RADIX" value="HEX"/>
        <Option Id="DISPLAY_VISIBILITY" value=""/>
        <Option Id="HW_ILA" value="u_ila_0"/>
        <Option Id="LINK_TO_WAVEFORM" value="1"/>
        <Option Id="MAP" value="probe2[31:0]"/>
        <Option Id="NAME.CUSTOM" value=""/>
        <Option Id="NAME.SELECT" value="Long"/>
        <Option Id="SOURCE" value="netlist"/>
        <Option Id="TRIGGER_COMPARE_VALUE" value="eq32&apos;h0000_0720"/>
        <Option Id="WAVEFORM_STYLE" value="Digital"/>
      </probeOptions>
      <nets>
        <net name="openmips0/pc[31]"/>
        <net name="openmips0/pc[30]"/>
        <net name="openmips0/pc[29]"/>
        <net name="openmips0/pc[28]"/>
        <net name="openmips0/pc[27]"/>
        <net name="openmips0/pc[26]"/>
        <net name="openmips0/pc[25]"/>
        <net name="openmips0/pc[24]"/>
        <net name="openmips0/pc[23]"/>
        <net name="openmips0/pc[22]"/>
        <net name="openmips0/pc[21]"/>
        <net name="openmips0/pc[20]"/>
        <net name="openmips0/pc[19]"/>
        <net name="openmips0/pc[18]"/>
        <net name="openmips0/pc[17]"/>
        <net name="openmips0/pc[16]"/>
        <net name="openmips0/pc[15]"/>
        <net name="openmips0/pc[14]"/>
        <net name="openmips0/pc[13]"/>
        <net name="openmips0/pc[12]"/>
        <net name="openmips0/pc[11]"/>
        <net name="openmips0/pc[10]"/>
        <net name="openmips0/pc[9]"/>
        <net name="openmips0/pc[8]"/>
        <net name="openmips0/pc[7]"/>
        <net name="openmips0/pc[6]"/>
        <net name="openmips0/pc[5]"/>
        <net name="openmips0/pc[4]"/>
        <net name="openmips0/pc[3]"/>
        <net name="openmips0/pc[2]"/>
        <net name="openmips0/pc[1]"/>
        <net name="openmips0/pc[0]"/>
      </nets>
    </probe>
    <probe type="ila" busType="net" source="netlist" spec="ILA_V2_RT">
      <probeOptions Id="DebugProbeParams">
        <Option Id="CAPTURE_COMPARE_VALUE" value="eq1&apos;bX"/>
        <Option Id="COMPARE_VALUE.0" value="eq1&apos;bX"/>
        <Option Id="DISPLAY_AS_ENUM" value="1"/>
        <Option Id="DISPLAY_HINT" value=""/>
        <Option Id="DISPLAY_RADIX" value="HEX"/>
        <Option Id="DISPLAY_VISIBILITY" value=""/>
        <Option Id="HW_ILA" value="hw_ila_1"/>
        <Option Id="LINK_TO_WAVEFORM" value="1"/>
        <Option Id="MAP" value="probe14[0]"/>
        <Option Id="NAME.CUSTOM" value=""/>
        <Option Id="NAME.SELECT" value="Long"/>
        <Option Id="SOURCE" value="netlist"/>
        <Option Id="TRIGGER_COMPARE_VALUE" value="eq1&apos;bX"/>
        <Option Id="WAVEFORM_STYLE" value="Digital"/>
      </probeOptions>
      <nets>
        <net name="sdi_IBUF"/>
      </nets>
    </probe>
    <probe type="ila" busType="net" source="netlist" spec="ILA_V2_RT">
      <probeOptions Id="DebugProbeParams">
        <Option Id="CAPTURE_COMPARE_VALUE" value="eq1&apos;bX"/>
        <Option Id="COMPARE_VALUE.0" value="eq1&apos;bX"/>
        <Option Id="DISPLAY_AS_ENUM" value="1"/>
        <Option Id="DISPLAY_HINT" value=""/>
        <Option Id="DISPLAY_RADIX" value="HEX"/>
        <Option Id="DISPLAY_VISIBILITY" value=""/>
        <Option Id="HW_ILA" value="hw_ila_1"/>
        <Option Id="LINK_TO_WAVEFORM" value="1"/>
        <Option Id="MAP" value="probe15[0]"/>
        <Option Id="NAME.CUSTOM" value=""/>
        <Option Id="NAME.SELECT" value="Long"/>
        <Option Id="SOURCE" value="netlist"/>
        <Option Id="TRIGGER_COMPARE_VALUE" value="eq1&apos;bX"/>
        <Option Id="WAVEFORM_STYLE" value="Digital"/>
      </probeOptions>
      <nets>
        <net name="sdo_OBUF"/>
      </nets>
    </probe>
  </probeset>
</hwsession>
